sentence,label
"Sarah Chen: Alright everyone, let's get started.",0
I'm pulling up the Q3 numbers now.,0
So the headline: we closed at 4.2 million against a target of 5 million.,0
"That's 84 percent attainment, which is honestly disappointing given where we were tracking in July.",0
"Marcus Webb: Yeah, the last three weeks of the quarter killed us.",0
"We had three deals slip — Harmon Industries, Precept Analytics, and the Westfield Group renewal.",1
Harmon alone was 600K.,0
Sarah Chen: Right.,0
Walk me through the Harmon situation.,0
That one stings the most.,0
Marcus Webb: Their procurement team put a freeze on all new vendor contracts after their CFO departure in mid-August.,0
It's not dead — they've verbally committed — but it won't close until November at the earliest.,0
I have a call with their interim CFO next Tuesday.,0
Deirdre Park: On the Westfield renewal — I want to flag that the reason it slipped was a pricing dispute.,1
They're pushing back on the 12 percent increase.,0
I've offered 8 and they're still holding out for 5.,0
We need to decide how far we're willing to flex.,0
Sarah Chen: What's the ARR on Westfield?,0
Deirdre Park: 220K ARR.,0
They've been a customer for four years.,0
"High NPS, low support burden.",0
I'd argue retention at 5 percent is better than churn risk.,0
Sarah Chen: Agreed.,0
Let's approve 6 percent max for Westfield and hold the line there.,0
"Deirdre, draft a revised proposal by Thursday.",0
Marcus Webb: On the pipeline side — Q4 is looking significantly stronger.,0
We've got 11.4 million in qualified opportunities.,0
"Of that, 3.8 million is in late-stage negotiation.",1
Sarah Chen: What's our win rate on late-stage right now?,0
Marcus Webb: Historically about 62 percent.,0
"But three of those late-stage deals are with existing customers expanding, so I'd bump that confidence higher.",0
Tomas Ferreira: I want to raise something around the SDR-to-AE handoff.,0
We lost two deals in Q3 that I think came in underqualified.,0
"Specifically, one prospect hadn't actually budgeted for a tool like ours — it only surfaced during legal review.",0
Can we revisit the qualification checklist?,0
"Sarah Chen: Yes, that's fair.",0
"Tomas, work with Marcus this week to audit the current MEDDIC criteria and bring a revised version to the pipeline review on the 18th.",0
Deirdre Park: Should we also schedule a Q4 kickoff with the whole team to align on territory and quota allocation?,0
Sarah Chen: Good call.,0
Let's set that for the week of October 7th.,0
I'll have ops send out a calendar invite by end of week.,0
Any blockers before we close out?,0
Marcus Webb: I need updated case studies from marketing — the Precept deal specifically asked for fintech references and we only had one.,0
Sarah Chen: I'll reach out to Emily in marketing today.,0
She committed to having two new case studies done by end of month.,0
Let me hold her to that.,0
"Okay, I think we've got our next steps.",0
Good conversation everyone.,0
"Priya Nair: Okay, so the reason I called this meeting is that we've hit a wall with the current REST API architecture.",0
The monolith is becoming a serious bottleneck.,0
Response times on the /orders endpoint are averaging 1.4 seconds under load and we had two timeout cascades last month.,0
"Dev Patel: The core problem is that the orders service is doing too much — it's calling inventory, pricing, tax calculation, and shipping estimation all synchronously.",0
Any one of those being slow blocks the whole response.,0
Priya Nair: Right.,0
So the proposal on the table is to decompose the orders API into event-driven microservices using an async messaging pattern.,0
The question is whether we go Kafka or RabbitMQ.,0
Dev Patel: I've been doing a lot of reading on this.,0
"For our throughput requirements — we're talking maybe 800 to 1,200 messages per second peak — either could work.",0
"But Kafka gives us replay capability, which is going to matter for audit trails and the reporting team's needs.",0
Lena Okafor: I want to flag something.,0
"Before we commit to Kafka, we should talk about operational complexity.",0
Our ops team is already stretched thin.,0
"Kafka requires Zookeeper or KRaft mode, monitoring is non-trivial, and we don't have anyone with deep Kafka experience in-house.",0
Priya Nair: That's a fair point.,0
What about managed Kafka — Confluent or MSK?,0
Dev Patel: MSK would keep us in the AWS ecosystem.,0
"We already have IAM, VPCs set up.",0
"I'd estimate cost at maybe 800 to 1,200 per month for our workload.",0
That's manageable.,0
Lena Okafor: I'm still a little worried about vendor lock-in.,0
What's the migration path if we want to move away from MSK?,0
Dev Patel: It's not trivial but it's doable — Kafka is Kafka.,0
The consumer code wouldn't change much.,0
Alex Drummond: Can we talk about the service decomposition plan itself?,0
I want to make sure we're not over-engineering this.,0
Do we actually need full microservices or could we solve the latency issue by just making those downstream calls async with a task queue in the existing monolith?,1
Priya Nair: That was actually our Phase 0 option.,0
We could add Celery with Redis to the existing Django app and fire off non-critical calls asynchronously.,1
It would probably get us to 400ms response times without a full rewrite.,0
Dev Patel: The problem is that's technical debt we're accumulating.,0
"In 18 months when we want to scale the inventory service independently, we're going to be in the same place.",0
"Alex Drummond: Agreed, but 18 months of runway might be worth it if it means not blowing up our sprint capacity for the next two quarters.",0
"Priya Nair: Okay, here's what I think we should do.",0
Let's do a proper spike — two weeks.,0
"Dev, you prototype the Kafka MSK integration with a single extracted service — let's use the tax calculation service since it's the most self-contained.",0
"Alex, you do a parallel spike on the Celery approach and benchmark it.",1
We bring both findings to architecture review on the 29th and make a call then.,0
Lena Okafor: That works.,0
I'll set up the MSK test cluster in staging this week and share the credentials.,0
Priya Nair: Great.,0
And let's make sure we get the reporting team's requirements documented before the 29th — I don't want to make this call without knowing their data consumption patterns.,0
Dev Patel: I'll sync with Tanveer from reporting on Thursday.,0
Priya Nair: Perfect.,0
I think that's everything.,0
I'll write up the spike brief and share it in the eng Slack channel today.,0
"Rachel Kim: Thanks for coming in, Jordan.",0
I want to start by saying this conversation is meant to be supportive.,0
We want to set you up for success.,0
But we also need to be direct about where things stand.,0
Jordan Ellis: I appreciate that.,0
I know the last couple months haven't been my best.,0
Rachel Kim: So let me frame what we're seeing from a performance standpoint.,0
"Over the past quarter, there have been three missed project deadlines — the client reporting module, the onboarding flow redesign, and the dashboard accessibility updates.",1
Each of these had impact downstream on other team members and on client commitments.,0
Jordan Ellis: I know.,0
The onboarding flow one I take full responsibility for.,0
But on the dashboard — I didn't have the design specs until four days before the deadline.,0
I raised that in Slack but it didn't get traction.,0
"Rachel Kim: I hear you on the specs issue, and we should absolutely fix that process gap.",0
But I also want to be honest — there were some delivery concerns even before the specs issue.,0
The initial prototype was flagged in review for not meeting the WCAG 2.1 AA criteria we'd discussed.,0
Jordan Ellis: That's fair.,0
I was unfamiliar with some of the screen reader requirements.,0
I should have asked for help sooner.,0
Rachel Kim: That's actually a really important insight.,0
One of the things we want to put in place is a more structured check-in cadence so that blockers surface earlier.,0
"David, do you want to walk through what we're proposing?",0
David Huang: Sure.,0
So the PIP has four components.,1
"First, bi-weekly one-on-ones with Rachel to review workload, blockers, and progress against deliverables.",0
"Second, a structured accessibility training through the Deque University platform — we'll cover the cost, and we'd like to see that completed within six weeks.",0
"Third, for the next two projects, Jordan will have a designated technical reviewer who signs off at the midpoint checkpoint, not just at the end.",0
"And fourth, we'll set clear milestone dates at project kickoff and track those in Jira with visibility to the team lead.",0
Jordan Ellis: That all sounds reasonable.,0
"I'll be honest, the bi-weeklies would have been helpful before now.",0
I've felt a bit isolated on some of these.,0
Rachel Kim: That's feedback we need to take seriously on our side too.,0
PIP is not just a one-way street — we're also accountable for giving you the support environment you need.,0
Jordan Ellis: Can I ask — what does success look like at the end of the PIP period?,0
Rachel Kim: Great question.,0
The PIP runs 90 days.,0
At the 45-day checkpoint we'll do a formal mid-review.,0
"Success at 90 days means: all assigned deliverables hit within agreed timelines, accessibility compliance criteria met on the dashboard project, and the Deque training completed.",0
"If we hit those, the PIP closes and we move forward as normal.",0
Jordan Ellis: And if we don't?,1
Rachel Kim: Then we'll have a more serious conversation about next steps.,0
But Jordan — we genuinely want this to succeed.,0
We wouldn't be investing this time if we didn't think you could get there.,0
Jordan Ellis: Understood.,0
I appreciate the clarity.,0
When does the formal PIP document get issued?,0
Rachel Kim: HR will have the document ready by end of this week.,0
You'll have 48 hours to review it with us or your union rep before signing.,0
Any questions before we wrap up?,0
"Jordan Ellis: No, I think I have what I need.",0
Thank you for being straightforward.,0
Rachel Kim: Of course.,0
We'll talk again on Thursday to schedule the first bi-weekly.,0
Nadia Rossi: Let's get into it.,0
We've got 23 items in the backlog that have been tagged as Q4 candidates.,0
We obviously can't do all of them.,0
The goal today is to walk out with a committed list of eight to ten features that go on the roadmap.,0
"Kai Thornton: Before we start voting, can we anchor on capacity?",0
Engineering is down one senior dev through mid-November — Priya is on parental leave.,0
So our sprint velocity is reduced.,0
Nadia Rossi: Good call.,0
"Ops confirmed we have roughly 14 sprints of effective engineering time for the quarter, down from our usual 18.",0
That has to drive our scope decisions.,0
Clarence Wu: Should we weight the backlog items by story points before we prioritize?,0
Nadia Rossi: Yes.,0
"Can you share the estimation sheet, Clarence?",0
Clarence Wu: Pulling it up now.,0
"So the top vote-getters from the async survey were: multi-workspace support, custom webhook triggers, PDF report export, two-factor authentication, granular role permissions, and the mobile push notifications feature.",1
Those six alone total about 94 story points.,0
"Kai Thornton: At our reduced velocity, 94 points is basically the entire quarter.",0
That doesn't leave room for anything else.,0
"Nadia Rossi: Right, so we need to cut or phase.",0
Let's go through each one.,0
Multi-workspace support — this came in as the top requested feature from enterprise customers.,0
Three accounts are actively waiting on it before expanding.,0
ARR impact if we deliver this quarter is roughly 180K.,0
Kai Thornton: It's also 28 story points.,0
It's the heaviest item on the list.,0
"Nadia Rossi: But given the ARR impact, I think it has to stay.",0
Group: Agreed.,0
Nadia Rossi: Two-factor authentication — we've been promising this for two quarters.,0
We have a SOC 2 audit in January and this is a must-have for compliance.,0
Kai Thornton: That's non-negotiable.,0
"12 points, two sprints.",0
Nadia Rossi: Keeps.,0
PDF report export — customer success flagged this as their top support ticket driver.,1
Customers are doing this manually in Excel.,0
Clarence Wu: 8 points.,0
Relatively straightforward.,0
Nadia Rossi: Keeps.,0
Custom webhook triggers — this is more of a developer power user feature.,0
How strong is the demand signal?,0
Kai Thornton: We have 47 upvotes in the feature portal.,0
But the users requesting it are mostly on the growth plan.,0
It doesn't drive enterprise expansion.,0
Nadia Rossi: Let's phase that to Q1.,0
Granular role permissions — also compliance-adjacent and several enterprise customers have asked.,0
Clarence Wu: It's 18 points though.,0
That's heavy.,0
Nadia Rossi: Can we scope down?,0
Like a V1 that just covers admin vs editor vs viewer?,0
Kai Thornton: Probably 10 points for a scoped V1.,0
"Yeah, that's doable.",0
Nadia Rossi: Do that.,0
Mobile push notifications — where's this coming from?,0
Clarence Wu: Customer success pitched it but the data doesn't support it.,0
Our mobile usage is 11 percent of sessions.,0
I think we deprioritize.,0
"Nadia Rossi: Agreed, move to backlog.",0
"So our committed Q4 roadmap is: multi-workspace support, 2FA, PDF report export, and scoped role permissions V1.",1
"That's 58 story points, which is realistic and leaves buffer.",0
Kai Thornton: I want to make sure we reserve at least 2 sprints for technical debt and bug fixing.,0
We've been deferring that and it's starting to show in our error rates.,0
Nadia Rossi: Absolutely.,0
Two sprints protected for maintenance.,0
I'll have the formal roadmap document published in Notion by Monday and will send a summary to the exec team.,0
Gregory Howell: Good morning.,0
I want to be transparent upfront — this review is being driven by a directive from the board.,0
They want to see a 15 percent reduction in operating expenses for fiscal year 2025.,0
That's roughly 2.3 million dollars against our current opex baseline.,0
Fatima Al-Hassan: That's a significant ask.,0
Have they specified which cost centers are in scope?,0
Gregory Howell: Everything except R&D and customer-facing headcount.,0
They want to protect the product and support functions.,0
Niall Burgess: What's the timeline?,0
Gregory Howell: They want a plan presented at the board meeting on November 12th.,0
We have about five weeks.,0
Fatima Al-Hassan: Okay.,0
Let me share where I see the biggest opportunities.,0
"First, SaaS tools.",0
We did an audit last quarter and found we're paying for 94 distinct software subscriptions across the company.,0
"Of those, 31 had fewer than 10 percent active usage over the past six months.",0
Consolidating or canceling those represents about 340K in annual savings.,0
Niall Burgess: We should be careful about which ones — some of those low-usage tools may be critical for specific workflows even if they're rarely touched.,0
We shouldn't cancel blindly.,0
Fatima Al-Hassan: Agreed.,0
The plan is to send a usage verification survey to department heads.,0
Anything that can't justify its spend gets cut in 30 days.,0
Gregory Howell: Good.,0
Fatima Al-Hassan: Cloud infrastructure.,0
We've been overprovisioned on compute since the spike we anticipated for the product launch last March — that spike never fully materialized.,0
Our cloud ops team estimates we could right-size our EC2 reservations and save about 180K annually.,1
Niall Burgess: That one's pretty clean.,0
"No headcount impact, just a resource allocation change.",0
Gregory Howell: Approved.,0
Let's action that this month.,0
What's the third area?,0
Fatima Al-Hassan: This is the harder one — vendor contract renegotiation.,1
Our three largest non-headcount vendors renew in Q1.,0
"If we engage now and signal we're willing to consolidate or switch, we may have leverage.",0
I'd estimate 15 to 20 percent savings on those contracts — that's roughly 500 to 650K.,0
Niall Burgess: Do we have the bandwidth to run competitive RFPs before Q1?,0
Fatima Al-Hassan: Not full RFPs — but I can engage our current vendors with benchmark data and let them know we're evaluating alternatives.,0
Even the threat of switching tends to generate goodwill pricing.,0
Gregory Howell: Make that happen.,0
"Niall, I'd like legal to review the termination clauses in those contracts before we start negotiations.",0
Niall Burgess: I'll have a summary of the key clauses back to you by Friday.,0
"Gregory Howell: Between SaaS consolidation, cloud right-sizing, and vendor renegotiation, we're looking at roughly 1 to 1.2 million.",1
We're still 1.1 million short of the 2.3 million target.,0
"Fatima Al-Hassan: The remaining gap is almost certainly going to require some headcount discussion — not necessarily layoffs, but we might need to look at hiring freeze extensions, deferred backfill timelines, and contractor reduction.",0
Gregory Howell: I'm not ready to go there yet.,0
Let me take the three clean levers to the board as Phase 1 and see if they'll accept a phased approach.,0
Can everyone have their inputs to the budget model by next Wednesday?,0
Fatima Al-Hassan: Yes.,0
Niall Burgess: I'll have the contract analysis done by Friday and the headcount cost breakdown by Wednesday.,0
Gregory Howell: Thank you both.,0
I'll circulate a draft board presentation for review before we finalize.,0
"Suki Yamamoto: Alright, the reason we're here is to align on the go-to-market campaign for the multi-workspace feature.",1
Engineering has confirmed general availability on October 15th.,0
That gives us roughly three weeks to prepare.,0
Brendan Lyle: Three weeks is tight for a feature of this size.,0
This is the most requested enterprise feature we've shipped in 18 months.,0
Suki Yamamoto: Agreed.,0
So let's make sure we're prioritizing quality over volume.,0
What channels are we committing to?,0
"Brendan Lyle: Based on last quarter's conversion data, email is our strongest channel for feature announcements — 4.2 percent CTR on product update emails versus our benchmark of 1.8 percent.",0
I'd lead with a segmented email campaign targeting our enterprise and growth plan customers.,0
Cleo Hartman: I want to make sure we're also doing an in-app announcement.,0
Users who discover features organically within the product have 40 percent higher adoption rates in our data.,0
A contextual banner or tooltip in the workspace settings panel would be low-lift for engineering and high-impact.,0
Suki Yamamoto: What's the engineering cost for the in-app banner?,0
Cleo Hartman: I already checked with Dev — he said two hours if we use the existing announcement module.,0
So basically free.,0
Suki Yamamoto: Done.,0
"Brendan, what's the email segmentation plan?",0
Brendan Lyle: Three segments: enterprise customers on the waitlist for this feature — they get a personalized launch email with a dedicated onboarding guide.,0
Growth plan customers who are multi-team companies — they get a feature announcement with an upgrade prompt if they hit workspace limits.,0
And a general announcement to the full list.,0
Suki Yamamoto: Love that.,0
What about content?,0
Do we have case study material?,0
Brendan Lyle: Not yet — this is a new feature.,0
But we have three customers who were in the beta.,0
I've reached out to Harborside Tech and they're willing to do a quote.,0
The other two haven't responded yet.,0
Cleo Hartman: Can we do a launch blog post featuring Harborside Tech's use case?,1
"Even without a full case study, a testimonial and a few screenshots is compelling.",0
"Suki Yamamoto: Yes, let's do that.",0
"Brendan, please draft the blog post by October 8th so we have time for review before launch.",0
Brendan Lyle: I'll need some technical talking points from product.,0
Can someone from Nadia's team provide a feature brief by October 5th?,0
Suki Yamamoto: I'll ask Nadia today.,0
What about paid amplification?,0
"Brendan Lyle: I'd recommend a small LinkedIn campaign targeting operations and IT managers at companies with 200 to 1,000 employees.",0
"Budget request: 8,000 dollars over two weeks post-launch.",0
Suki Yamamoto: That's within our discretionary budget.,0
Anything on PR?,0
Cleo Hartman: I think this is worth a press release and a pitch to three or four SaaS-focused journalists.,0
The angle is: enterprise-grade collaboration coming to what was previously a single-workspace tool.,0
It's a meaningful positioning shift.,0
Suki Yamamoto: Great angle.,0
Let's do it.,0
"Cleo, draft the press release by October 6th.",0
Cleo Hartman: On it.,0
"Suki Yamamoto: Okay, summary: email campaign, in-app announcement, launch blog post, LinkedIn paid campaign, and press release.",1
Launch date is October 15th.,0
I'll send a project brief to the team in Asana today with all ownership and deadlines.,0
Sandra Voss: Thanks everyone for joining on short notice.,0
The urgency here is that our security team flagged a potential issue with the Nexion Analytics data processing agreement during a routine vendor audit.,0
I've reviewed the contract and I want to walk you through the concern.,0
Michael Tran: Nexion is our third-party analytics vendor — they process behavioral event data from our product.,0
"That data includes user IDs, session metadata, and feature interaction logs.",0
Sandra Voss: Right.,0
The DPA we signed in 2021 was drafted under GDPR Article 28 requirements.,0
"The issue is that Nexion updated their subprocessor list six months ago to include two new entities — one based in South Korea, one in Brazil.",1
"Under our DPA, they're required to notify us of subprocessor changes and give us 30 days to object.",0
They did not do that.,0
Rohan Desai: That's a compliance breach on their part.,0
Does this create liability for us?,0
Sandra Voss: Potentially.,0
"If EU regulators were to audit us, the fact that personal data was transferred to non-EU subprocessors without adequate safeguards documented in our DPA could be a problem.",0
"South Korea has an adequacy decision from the EU Commission, so that one is less concerning.",1
Brazil does not.,1
Michael Tran: What's the immediate risk?,0
Are we talking about enforcement action?,0
Sandra Voss: Not imminent.,0
"But if we have a breach or a subject access request that involves data touched by Nexion, we could be exposed.",0
I want to remediate this proactively.,0
Rohan Desai: What's the remediation path?,0
Sandra Voss: Two options.,0
Option one: we amend the DPA to formally include the subprocessors with appropriate transfer mechanisms — standard contractual clauses for Brazil.,0
Option two: we require Nexion to cease passing data to the Brazilian entity within 30 days or face termination.,0
Michael Tran: What does Nexion's Brazilian entity actually do?,0
Is it processing that we can route around?,0
"Sandra Voss: According to their documentation, the Brazilian entity provides infrastructure support for their South American data centers.",0
"If we configure our Nexion account to route data only through EU infrastructure, the Brazilian entity wouldn't be in scope.",0
Rohan Desai: Is that configuration option available to us?,0
Sandra Voss: Nexion's CSM told security that it is available on enterprise plans.,0
We're on the business plan.,0
I need to find out if we can get that toggle.,0
Michael Tran: I'll reach out to our Nexion account manager today and find out.,0
"If it's available at our tier, that's the cleanest solution.",0
Sandra Voss: Good.,0
"In parallel, I'm going to formally notify Nexion of the DPA breach in writing and request a signed amendment to the agreement adding both subprocessors with appropriate transfer mechanisms.",0
We need that documentation regardless of whether we route around the Brazilian entity.,0
Rohan Desai: Should we pause data transmission to Nexion in the meantime?,0
Sandra Voss: That would create product impact — we lose behavioral analytics entirely.,0
I don't think the risk level justifies that disruption right now.,0
But I want us to be in remediation mode with a clear paper trail.,0
Michael Tran: Agreed.,0
How long before you expect the DPA amendment to be finalized?,0
"Sandra Voss: If Nexion cooperates, three to four weeks.",0
"If they push back, this could become a termination conversation.",0
Rohan Desai: Understood.,0
Let's put a 30-day deadline in the formal notice.,0
Sandra Voss: That's the plan.,0
I'll send the notice to Nexion's legal team by end of day tomorrow and CC this team on the correspondence.,0
Elaine Drost: I want to start by framing what this conversation is and isn't.,0
We are not making a go or no-go decision today.,0
This is a feasibility review.,0
By the end we should have a clearer sense of which APAC markets warrant deeper analysis and what our go-to-market model should look like if we proceed.,0
James Okonkwo: Understood.,0
"From a market sizing perspective, I've been looking at three primary candidates: Japan, Australia, and Singapore.",1
"Australia is the most straightforward — English-language, similar business culture, strong SaaS adoption.",0
"TAM for our category in Australia is approximately 180 million USD, with annual growth of 14 percent.",0
Elaine Drost: What's our current organic presence there?,0
"James Okonkwo: We have 23 self-serve customers in Australia — all inbound, no sales activity.",0
Revenue is roughly 60K ARR.,0
It's a proof point that there's demand without any investment.,0
Grace Ip: Singapore is interesting from a different angle — it's a hub for regional HQs.,0
"If we land well with multinational firms in Singapore, it can cascade to their APAC subsidiaries.",0
The market itself is small but the strategic value is disproportionate.,0
"Elaine Drost: Japan is the most complex, right?",0
James Okonkwo: Significantly.,0
Language localization is a major requirement — our product would need full Japanese UI.,0
Business norms around vendor relationships require a long trust-building cycle.,0
And the market prefers local partners or distributors over direct foreign vendors for software.,0
It would be a three-year investment before meaningful revenue.,0
Elaine Drost: So Japan is a longer-term play.,0
"For the near term, I'm hearing Australia and Singapore.",1
Grace Ip: That's my read.,0
And the question is: do we go direct or through a channel partner?,0
"James Okonkwo: For Australia, I'd recommend a direct model.",0
"The market is transparent, we speak the same business language, and our existing inbound base shows we can acquire customers without feet on the ground.",0
We'd need one regional account executive based in Sydney.,0
"Grace Ip: For Singapore, a hybrid might make more sense — a regional sales lead plus a channel partner who has existing relationships with the multinational firms we want to target.",0
Elaine Drost: What's the cost to stand up the Australia direct model?,0
"James Okonkwo: One AE in Sydney — burdened cost of approximately 180,000 AUD.",0
"Some localization costs for billing and compliance — maybe 40,000 USD one-time.",0
"Marketing localization — another 20,000 for the first year.",0
So roughly 200 to 250K USD in year one investment.,1
Elaine Drost: What's the payback horizon?,0
James Okonkwo: If we can close 8 to 10 new mid-market accounts — which is a realistic year one target for a focused AE — we're looking at break-even in month 18 to 24.,0
Grace Ip: That's a reasonable IRR for market entry at our stage.,0
Elaine Drost: Okay.,0
Here's what I'd like to do.,0
"James, can you build out a full business case for Australia — market entry model, cost structure, revenue projections, risk factors — and present it to the executive team at the November strategy offsite?",0
James Okonkwo: Absolutely.,0
I'll have a draft to you two weeks before for review.,0
"Elaine Drost: Grace, please scope out what a Singapore channel partner engagement model would look like — identify two or three potential partners and provide a preliminary assessment of fit.",0
Grace Ip: I'll have that by end of month.,0
Elaine Drost: Japan stays on the long-range radar.,0
Let's revisit in Q2 of next year as a formal planning item.,0
That gives us time to assess how Australia goes first.,0
"Petra Sandoval: Alright, so I've called this meeting because I'm genuinely worried about Clarify Corp.",0
They're one of our top ten accounts — 310K ARR — and I've been getting signals for the past six weeks that they're unhappy.,0
Dominic Faber: What kind of signals?,0
Petra Sandoval: NPS dropped from 8 to 4 in the last survey.,0
"Their primary champion, Janelle Morton, stopped joining our monthly check-ins.",0
"And last week, their IT director asked us for a full export of all their data.",0
That's usually a pre-churn behavior.,0
Dominic Faber: Has anyone spoken to Janelle directly?,0
Petra Sandoval: I reached out twice.,0
She responded once saying she was transitioning responsibilities and that I should contact someone named Owen Briggs going forward.,0
Arjun Mehta: That's a red flag — champion change midcycle usually means internal dynamics have shifted.,0
"If Janelle is no longer in the seat of power or has left the organization, we need to understand the new decision-maker.",0
Petra Sandoval: Exactly.,0
Owen Briggs is their new Head of Operations.,1
I have no relationship with him.,0
He's not a power user of our platform.,0
Arjun Mehta: What's the renewal date?,0
Petra Sandoval: February 14th.,0
So we have about four months.,0
Dominic Faber: Okay.,0
What do we know about the underlying dissatisfaction?,0
"Is there a product issue, a support issue, or is this political?",0
"Petra Sandoval: Based on the last QBR notes from August, their biggest complaint was around our reporting module — specifically, they can't slice data by department without a manual export.",0
That was on our roadmap and we pushed it to Q2 of next year.,0
Arjun Mehta: That's unfortunate timing.,0
"They surfaced a need, we validated it as coming, and then we delayed it.",0
Petra Sandoval: Yeah.,0
And in the meantime one of our competitors — I believe it's Dataloop — has been in their account.,0
I found out through LinkedIn that one of their analysts connected with a Dataloop sales rep.,0
Dominic Faber: Alright.,0
We need an executive sponsor assigned to this account immediately.,0
"Petra, who's the right exec from our side?",0
Petra Sandoval: I'd recommend our VP of Customer Success — Tamara.,0
She's done well with enterprise relationship resets before.,0
Dominic Faber: Agreed.,0
I'll talk to Tamara today.,0
The goal should be an in-person or video executive meeting with Owen Briggs within the next two weeks.,0
"Arjun Mehta: We should also prepare a success plan tailored to Owen's operational lens — not product features, but business outcomes.",0
"What has our platform delivered for their team in terms of time saved, decisions enabled, cost avoided?",0
Petra Sandoval: We have the usage data.,0
I can build a value impact report by end of this week.,1
Dominic Faber: Do that.,0
And let's explore if we can pull forward any timeline on the department-level reporting.,0
Even a beta access offer signals commitment.,0
Arjun Mehta: I'll check with product today — that feature is in development.,0
Even read-only beta access might satisfy them temporarily.,0
Petra Sandoval: That would be a strong gesture.,0
"Alright — so immediate actions: Tamara as exec sponsor, executive meeting with Owen Briggs within two weeks, value impact report by Friday, and beta access exploration.",1
Dominic Faber: And we should be meeting as a team on this account weekly until the renewal is secure.,0
"Vera Lindqvist: Okay, let's get started.",0
Thank you everyone for making time.,0
"This is the post-mortem for last Thursday's production outage — 4:12 PM to 7:38 PM Pacific, approximately 3.5 hours of degraded service for roughly 62 percent of our user base.",0
"I want to approach this as a learning exercise, not a blame session.",0
Oliver Kang: The timeline is clear now that we've done the analysis.,0
"At 4:08 PM, a deployment was pushed to production for the rate limiter service.",0
The deployment passed all CI checks.,0
"At 4:12 PM, error rates on the API gateway began spiking — we went from a baseline of 0.1 percent to 34 percent error rate within four minutes.",0
Vera Lindqvist: What was the root cause?,0
Oliver Kang: The rate limiter update introduced a configuration change that set per-tenant request limits 10x lower than intended — basically a misconfigured constant.,1
"Under those limits, any tenant with normal business-hours usage immediately hit the cap and got 429 errors.",0
Sam Osei: The thing that compounded the severity was detection lag.,0
"We had alerts configured on p99 latency and 5xx errors, but 429 responses don't count as 5xx in our current alerting setup.",0
So the alert never fired.,0
Vera Lindqvist: So we had 22 minutes between the degradation starting and anyone noticing?,0
"Sam Osei: 22 minutes, correct.",0
"The first notice came from a customer support ticket, not our monitoring.",0
"Oliver Kang: Once we identified the issue at 4:34 PM, the rollback took 28 minutes because we had to go through a manual approval flow.",0
"The configuration service requires two-person authorization for rollbacks in production, which in this case meant paging the on-call engineer and their backup.",0
Vera Lindqvist: That manual approval process — is that creating unnecessary delay in time-critical situations?,0
"Oliver Kang: For configuration-only rollbacks where there's no data migration involved, I think we should have an expedited path.",0
Full rollbacks that touch schema or data — keep the two-person rule absolutely.,0
But a config rollback should be doable by a single on-call engineer.,1
Sam Osei: I agree.,0
I'd recommend we update the runbook and the authorization policy.,0
Vera Lindqvist: Agreed.,0
What about the alerting gap?,0
Sam Osei: We're adding 4xx error rate as a first-class alert metric.,0
"Specifically, if 429 error rate exceeds 5 percent of requests over a 2-minute window, we fire an alert.",0
That should have caught this within 4 minutes instead of 22.,0
Vera Lindqvist: Good.,0
And what about the deployment process itself — how do we prevent a misconfigured constant from reaching production?,0
Oliver Kang: Two things.,0
"First, we're adding a configuration validation step to the CI pipeline that checks numeric constants against expected ranges — so a rate limit that's set to 10 instead of 10,000 would fail the build.",0
"Second, we're going to require canary deployments for any change to rate limiting, quota, or billing configuration.",0
"Push to 5 percent of traffic first, monitor for 10 minutes, then promote.",0
Vera Lindqvist: Both of those are strong improvements.,0
Who owns implementation?,0
Oliver Kang: I'll own the CI validation step — 3 to 4 days of work.,0
"Sam, can you handle the canary deployment pipeline update?",0
"Sam Osei: Yes, I'll have it ready within the sprint.",0
Vera Lindqvist: We should also do a customer communication debrief.,0
Marketing sent an apology email this morning.,0
Accounts affected for more than 30 minutes will receive a 10 percent credit on their next invoice — that was already approved by finance.,0
Sam Osei: Do we know how many accounts that is?,0
Vera Lindqvist: 847 accounts.,0
Finance has the credit list.,0
"Vera Lindqvist: Alright — CI validation, canary deployments, updated alerting, and revised rollback authorization policy.",1
Let me write up the formal post-mortem document today and circulate for review by tomorrow morning.,0
Fiona Marsh: Thanks everyone.,0
This is the readout from our onboarding usability study.,0
"We ran 12 moderated sessions over two weeks — a mix of SMB and mid-market personas, all first-time users, none of whom had prior exposure to our product.",0
Tai Nguyen: What were the primary tasks you tested?,0
"Fiona Marsh: Four tasks: account setup, inviting a team member, connecting their first data source, and building their first dashboard.",1
"We measured task completion rate, time on task, and subjective difficulty rating.",0
Julia Stein: What were the findings?,0
Fiona Marsh: Starting with account setup — that went well.,0
"12 out of 12 completed it, median time 3.2 minutes, difficulty rating 1.8 out of 5.",0
No changes needed there.,0
Inviting a team member — this is where things got interesting.,0
Only 7 out of 12 completed it successfully.,0
"The other 5 all got stuck at the same point — they tried to invite via the top-right account menu, but the invite function is under Settings, not the account menu.",1
Users had a strong mental model mismatch.,0
Tai Nguyen: Did they all eventually find it?,0
Fiona Marsh: Three of the five found it after exploration.,0
Two couldn't complete the task at all without hints.,0
Julia Stein: That's a significant discoverability problem.,0
What's the fix?,0
"Fiona Marsh: Two options: move the invite function to the account menu where users expect it, or add a shortcut in the account menu that deep-links to the Settings invite page.",1
Option two is lower engineering lift.,0
Tai Nguyen: I'd go further and say do both — having it in two places eliminates the navigation ambiguity entirely.,0
Fiona Marsh: Agreed.,0
Moving on — connecting a first data source.,0
"10 out of 12 completed it, but median time was 8.4 minutes, which is longer than we'd like.",0
"The main friction was that users didn't understand the difference between a 'direct connection' and an 'import.' Three users clicked import, went through the flow, and then had to back out and start over.",0
Julia Stein: The labels are doing too much work.,0
What if we renamed 'Import' to 'Upload a file' and 'Direct connection' to 'Connect live data'?,0
"More action-oriented, less jargon.",0
Fiona Marsh: We tested that in the second half of the sessions — I had the participants verbally respond to different labels.,0
'Upload a file' and 'Connect live data' scored significantly better on clarity.,0
I'd recommend making that change.,0
Tai Nguyen: What about the dashboard builder task?,0
Fiona Marsh: Worst performer.,0
Only 5 out of 12 completed without assistance.,0
"The main issues were: no empty state guidance when a user first opens the builder, and the 'Add widget' button was not visible without scrolling on a 13-inch laptop screen.",0
Julia Stein: The scroll issue is just a layout bug.,0
We can fix that in a sprint.,0
The empty state is a bigger design problem — we need a guided first-run experience.,0
Fiona Marsh: I've mocked up three approaches for the empty state.,0
Approach A is a simple tooltip sequence.,0
Approach B is an interactive tutorial with a sample data set.,0
Approach C is a blank state with three prominent call-to-action cards.,0
I'd like to get your input on direction before I refine further.,0
Tai Nguyen: I'd lean toward Approach C — the tutorial is heavier and users often skip it.,0
CTA cards give structure without forcing an interactive experience.,0
Julia Stein: Agreed.,0
Let's go with Approach C.,0
"Fiona, can you have refined mocks ready for the design review next Thursday?",0
"Fiona Marsh: Yes, I'll have them ready.",0
"Lucas Andrade: Alright team, Sprint 22.",0
"We have 10 business days, our velocity over the last three sprints has been 38, 41, and 36 points — let's plan to 38 as our target.",0
What's in the backlog that's ready to pull in?,0
"Sofia Bernstein: I've got five tickets that are ready — fully specced, designs approved.",0
The in-app announcement banner from marketing's request: 4 points.,0
The role permissions V1: 8 points.,1
CSV export for the activity log: 3 points.,0
The password reset flow accessibility fix: 2 points.,0
And the dark mode toggle: 5 points.,0
That's 22 points total.,0
Lucas Andrade: Good start.,0
Remaining 16 points — what else is ready?,0
Efraim Nkosi: I have the API pagination refactor.,1
That's been in the backlog forever.,0
It's 10 points and it's blocking the mobile team from implementing infinite scroll.,0
Lucas Andrade: Is that fully specced?,0
Efraim Nkosi: Yes.,0
I reviewed it with Priya last week before she went on leave.,0
The approach is documented.,0
Sofia Bernstein: We also have the Stripe billing integration bug — some enterprise customers are seeing duplicate charge notifications.,0
"That's P1, so it should jump the queue regardless of sprint planning.",0
Lucas Andrade: Absolutely.,0
"Add that as a P1 carryover — 5 points, top of the priority stack.",0
So we're at 27 points of planned work.,0
I want to leave a buffer of about 8 points for unplanned work and bug triage.,0
"Efraim Nkosi: That takes us to 35, which is within our target.",0
Lucas Andrade: What's the status on the two-factor authentication implementation?,0
That was supposed to start this sprint.,0
Sofia Bernstein: Design isn't finalized yet.,0
Julia said she needs one more round of review with security before handing off specs.,0
I'd say it's three to four business days away from being ready.,0
Lucas Andrade: So it might slip into Sprint 22 midway.,0
"If specs land by day four, can we start it this sprint and carry it to completion in Sprint 23?",0
Efraim Nkosi: That's risky for such a security-critical feature.,0
I'd rather start it clean in Sprint 23 with full specs from day one.,0
Lucas Andrade: Fair.,0
Let's keep it as Sprint 23 start if specs aren't ready by Monday morning.,0
"Sofia, can you confirm with Julia by Monday morning whether specs will be ready?",0
"Sofia Bernstein: Yes, I'll ping her today.",0
Lucas Andrade: Let's also talk about tech debt.,0
We agreed to protect capacity for it last sprint and then it got pushed for a hot fix.,0
I want to formally protect 3 story points in this sprint for the database index cleanup on the events table.,0
"Efraim, that's yours.",0
Efraim Nkosi: Happy to take it.,0
It's overdue.,0
Lucas Andrade: Good.,0
"Updated sprint plan: Stripe billing P1, role permissions V1, API pagination refactor, in-app banner, CSV export, accessibility fix, dark mode toggle, and database index cleanup.",1
That's 38 points.,0
Let's do a quick daily check-in tomorrow at 10 AM and every day this sprint.,0
Any blockers now?,0
Sofia Bernstein: None from me.,0
Efraim Nkosi: I need the updated product spec for role permissions — the version in Jira is from two weeks ago and I know Clarence made changes.,0
Lucas Andrade: I'll get Clarence to update Jira by end of day today.,0
Anything else?,0
Sofia Bernstein: That's it from me.,0
"Lucas Andrade: Alright, let's build.",0
Good luck everyone.,0
Eleanor Vance: Good morning everyone.,0
Let's go through the monthly business review.,1
"I'll take us through the framework — revenue health, team health, strategic priorities — and I want each of you to flag anything that needs executive decision-making today.",0
"Patrick Reeves: On revenue: MRR came in at 1.42 million for October, up 4.1 percent month over month.",0
ARR is now 17.1 million.,0
We're 89 percent of the way to our 19.2 million end-of-year target.,0
The gap to close is 2.1 million in ARR from now to December 31st.,0
Eleanor Vance: Is that achievable?,0
Patrick Reeves: It's tight.,0
Our pipeline gives us a realistic ceiling of about 1.7 million in new ARR if we convert at our historical 62 percent win rate.,0
The remaining 400K would need to come from expansion — upsell and cross-sell in existing accounts.,0
"Eleanor Vance: Rachel, what's the customer success team's expansion pipeline look like?",0
Rachel Kim: We have eight accounts that are ready for expansion conversations.,0
Best case scenario is 600K in expansion ARR by year-end.,1
"But three of those accounts are in renewal conversations simultaneously, so we're managing carefully.",0
Eleanor Vance: I want weekly reporting on those eight accounts starting this Friday.,0
What's the gross revenue retention?,0
Rachel Kim: GRR is 91 percent trailing twelve months.,0
"That's down from 93 percent last quarter, primarily driven by the Clarify Corp situation and two smaller churns.",0
Eleanor Vance: The decline is concerning.,0
"Patrick, what do we attribute the new ARR shortfall to?",0
Patrick Reeves: Two things.,0
Enterprise deals are taking longer to close — average sales cycle extended from 67 days to 94 days over the past two quarters.,0
And we had three Q4 deals pushed to Q1 by customers citing budget cycles.,0
"Eleanor Vance: Is the sales cycle extension a product issue, a market issue, or a process issue?",0
Patrick Reeves: Likely a mix of the first two.,0
We're selling higher up in the organization now — C-suite and VP level — and they require more proof of ROI before committing.,0
I think we need better ROI documentation.,0
Eleanor Vance: Agreed.,0
"Marketing, can we get a proper ROI calculator and updated ROI case studies before end of month?",0
Suki Yamamoto: I can have the ROI calculator built by November 22nd.,0
Case studies — two completed by November 30th.,0
Eleanor Vance: Great.,0
Team health — what's the state of the engineering org?,0
Priya Nair: We're stable.,0
"Attrition has been zero this quarter, which is great.",0
We do have a headcount request: a senior infrastructure engineer.,0
Our ops load is growing faster than we anticipated and we're at risk of the team being thinly stretched on the AWS migration work alongside product development.,0
Eleanor Vance: Is this a backfill or net new?,0
Priya Nair: Net new headcount.,0
Comp budget impact is roughly 200K annually.,0
Eleanor Vance: I'll take that to the board compensation committee.,0
Can you put together a two-page justification including current ops load and projected impact?,0
I'll need it by next Tuesday.,0
Priya Nair: Done.,0
Eleanor Vance: Strategic priority update — APAC expansion.,0
"Elaine, where are we?",0
Elaine Drost: James is building out the Australia business case for the November offsite.,1
Preliminary numbers look favorable — we have 18 to 24 month payback.,0
I'll have a full deck ready one week before the offsite.,0
Eleanor Vance: Good.,0
I want the board materials for Q4 to include a one-page APAC executive summary.,0
Can you prepare that?,0
Elaine Drost: Absolutely.,0
Any final items before we wrap?,0
Eleanor Vance: One more — the SOC 2 audit is in January.,0
"Sandra, what's the status?",0
Sandra Voss: We're 74 percent complete on the evidence collection.,0
The main outstanding items are the 2FA implementation — which is in sprint planning now — and two vendor security reviews.,0
I expect to be fully ready by December 20th with buffer before the audit.,0
Eleanor Vance: Let's make sure 2FA is treated as an audit dependency and doesn't slip past December.,0
I'll flag it with engineering.,0
Thank you all.,0
See you next month.,0
Ivan Petrov: I'll get right to it.,0
Our external pen test came back Friday.,0
"The report flagged 14 findings: 2 critical, 5 high, 6 medium, 1 low.",1
I want to review the criticals and highs today and agree on a remediation timeline.,0
Maya Singh: Before we dig in — was this a black box or white box test?,0
Ivan Petrov: White box.,0
We gave them read access to our codebase and infrastructure diagrams.,0
That's why the findings are this specific.,0
Maya Singh: Understood.,0
Let's see the criticals.,0
Ivan Petrov: Critical one: insecure direct object reference in the document download API.,1
The endpoint takes a document ID as a parameter and returns the file without verifying that the requesting user has access to that document.,0
"In theory, if an attacker knows or can enumerate document IDs, they can download any document in the system.",0
Maya Singh: That's bad.,0
Is document ID enumerable?,0
Ivan Petrov: IDs are sequential integers right now.,0
"So yes, they're easily guessable.",0
Chen Wei: Quick fix is authorization check on every document download request — verify the requesting user's tenant ID matches the document's tenant ID before serving the file.,0
That's probably a day of work.,0
Ivan Petrov: Agreed.,0
We also need to migrate document IDs from sequential integers to UUIDs — that eliminates the enumeration attack surface even if the auth check were somehow bypassed.,0
UUID migration is more involved — I'd estimate 3 days.,0
Maya Singh: Both changes are necessary — don't treat the UUID migration as optional.,0
Do the auth check first as a hotfix.,0
Ivan Petrov: Agreed.,0
Critical two: the API key stored in the mobile app binary.,1
The pen testers extracted an API key from the compiled iOS build that has admin-level access to our internal analytics API.,0
Chen Wei: That key was added during development and never removed.,0
I know the commit — it's been in the codebase for eight months.,0
Maya Singh: We need to revoke that key immediately.,0
Ivan Petrov: I already revoked it this morning.,0
The analytics API is now using short-lived tokens issued by our auth service instead.,0
Chen Wei: We should also add a secrets scanning step to our CI pipeline so this can't happen again — tools like GitGuardian or truffleHog can scan every commit.,0
Ivan Petrov: Agreed.,0
I'll set that up this week.,0
Now the highs — there are five of them.,0
Most significant is a missing rate limit on the authentication endpoint.,0
Currently a brute force attack on login has no throttling.,0
Maya Singh: That's fixable with a simple rate limiter at the API gateway level.,0
Shouldn't take more than half a day.,0
Ivan Petrov: Correct.,0
I'll assign that to the platform team today with a 48-hour deadline.,0
"The remaining four highs are a mix of missing security headers, verbose error messages in production, and one CSRF vulnerability in a legacy form handler.",0
All of these are 1 to 2 day fixes.,0
I'll put together a remediation ticket set in Jira this afternoon.,0
Maya Singh: What's our communication plan?,0
Does this need to go to customers?,0
Ivan Petrov: The IDOR vulnerability — we should notify customers who have API access since it involves document data.,0
"But before we notify, we need the auth check hotfix in production.",0
"Once that's live, we draft a security notice that says we identified and remediated a potential access control issue and that we have no evidence of exploitation.",0
Maya Singh: Have we checked logs for signs of exploitation?,0
Ivan Petrov: Yes.,0
I spent Saturday going through 90 days of API logs.,0
There are no patterns consistent with IDOR exploitation — no unusual document ID sequences being requested across tenant boundaries.,0
Chen Wei: Good.,0
"So the message is: we proactively identified this through our security program, remediated it, and found no evidence of customer impact.",0
Maya Singh: That's the right framing.,0
"Get the hotfix in by end of day Wednesday, then Sandra drafts the customer notice for review Thursday.",0
Ivan Petrov: I'll coordinate with Sandra on the notice.,0
All remediation work tracked in Jira with this sprint priority.,0
Marcus Webb: Thanks for taking the time today.,0
"I want to make sure this is a conversation, not a demo.",0
Can you tell me a little about what's prompting you to look at solutions in this space right now?,0
Lindsay Carter: Sure.,0
So we're a 400-person professional services firm — we run about 200 client-facing meetings a week across our delivery teams.,0
Right now we have no systematic way of capturing what's decided in those meetings.,0
"Our project managers are manually writing meeting notes after the call and it takes up about 30 percent of their time, by their own estimate.",0
Marcus Webb: 30 percent of PM time — that's significant.,0
How are those notes currently used downstream?,0
Lindsay Carter: They go into our project management tool — we use Asana — but the quality is highly variable.,0
"Some PMs write detailed notes, some write almost nothing.",0
"And we have no way to pull action items out of them systematically, so things fall through the cracks.",0
Marcus Webb: Have you quantified what that means in terms of client impact?,0
"Are you seeing missed commitments, re-work, escalations?",0
Lindsay Carter: Honestly yes.,0
We did an internal review and found that about 12 percent of client escalations in the past year were related to something that was discussed and apparently agreed in a meeting but wasn't captured or followed up.,0
Marcus Webb: That's a clear business case.,0
What does your evaluation process look like from here?,0
Who else is involved in the decision?,0
"Lindsay Carter: It's me as the Head of Operations, our CTO who cares about the security and data residency angle — we work with some government clients — and our CFO who'll need to approve any spend over 50K annually.",1
Marcus Webb: Good to know.,0
On the security and data residency point — can you tell me more about the government client requirements?,1
"Are we talking FedRAMP, specific jurisdictions, or contractual restrictions on where data can be stored?",0
Lindsay Carter: We have two clients that require data be stored on US servers only.,0
One has a more restrictive requirement that the vendor be on their approved vendor list.,0
We'd need to check if you're on it.,0
Marcus Webb: We are SOC 2 Type II certified and our infrastructure is 100 percent US-based on AWS.,0
I'll send you our security documentation after this call.,0
"The approved vendor list — if you can share that with us, we can check whether we're listed or what the registration process looks like.",0
Lindsay Carter: That would be helpful.,0
In terms of pricing — do you work on a per-seat or per-meeting model?,0
Marcus Webb: Our enterprise model is seat-based.,0
"For 400 people, we'd typically be looking at our Enterprise tier.",0
Rough ballpark — though I'll want to scope more precisely — would be in the range of 80 to 120K annually depending on the features you need and contract term.,0
But let me ask: what's the budget range you've been given to work with?,0
Lindsay Carter: Leadership has said up to 100K is something they'd approve if the ROI is clear.,0
"Over that, it goes to the board.",0
Marcus Webb: That's very useful.,0
I think we can work within that range.,0
"What I'd like to do next is bring in one of our solutions engineers for a tailored demo focused on your use case — professional services, action item capture, Asana integration.",0
Would Thursday of next week work?,0
Lindsay Carter: Thursday works.,0
2 PM Eastern?,1
Marcus Webb: I'll send the invite.,0
And I'll follow up today with the security documentation and a short questionnaire about the government client requirements so we can prepare the right answers for your CTO.,0
Lindsay Carter: Perfect.,0
Looking forward to it.,0
Ingrid Halvorsen: Thank you all for attending.,0
The purpose of this session is to review the results of our annual compensation benchmarking exercise and assess whether any pay equity adjustments are warranted before year-end.,0
Tyrone Bell: Before we get into the data — what's the methodology this year?,0
Did we use the same survey sources as last year?,0
"Ingrid Halvorsen: We used three sources: Radford Global Compensation Database, Levels.fyi for technical roles, and Mercer for non-technical.",0
We benchmarked at the 50th and 75th percentiles and compared against our actual comp.,0
The population is 134 employees across all job families.,1
Ashley Drummond: What were the major findings?,0
Ingrid Halvorsen: I'll go by job family.,0
Engineering: we're competitive at the IC3 to IC5 levels — comps are within 5 percent of the 50th percentile.,0
IC6 and above is where we're lagging — our senior engineers are at 82 percent of the 75th percentile.,0
We're likely losing candidates to FAANG and late-stage startups at that level.,0
Tyrone Bell: Is that showing up in retention data?,0
"Ingrid Halvorsen: We've had two IC6 resignations in the past 18 months, both cited comp explicitly in exit interviews.",0
Both went to Series D or later startups.,0
Ashley Drummond: What's the cost to bring IC6 to the 75th percentile?,0
Ingrid Halvorsen: There are four IC6 engineers.,0
The gap is approximately 15K per person on average.,0
Total annual cost: 60K.,0
Tyrone Bell: That's very manageable given the cost of replacement.,0
Ingrid Halvorsen: Exactly.,0
Cost to replace an IC6 is typically 50 to 100 percent of annual salary.,0
Proactive adjustment is the right call.,0
Ashley Drummond: What about other job families?,0
Ingrid Halvorsen: Customer success is the most concerning from an equity standpoint.,0
We found that two CS Managers with comparable tenure and performance ratings are paid 11 percent below the median CS Manager on the team.,1
When we layered in demographic data — we keep that separate and aggregated — the lower-paid managers are both women.,0
"This isn't conclusive evidence of bias, but it warrants a correction.",0
"Tyrone Bell: Have we done a regression analysis controlling for tenure, performance, and hire date?",0
Ingrid Halvorsen: Yes.,0
"After controlling for those variables, the unexplained gap is 7 percent.",0
That's above our threshold of 5 percent for automatic review.,0
Ashley Drummond: What's the recommended action?,0
Ingrid Halvorsen: Adjust the two affected CS Managers to bring them within 5 percent of the median for their level.,0
Combined cost is approximately 22K in annual salary adjustment.,0
"Tyrone Bell: I'd recommend doing that proactively before year-end, not as part of the merit cycle.",0
"It separates the equity correction from merit, which is the right practice.",0
Ingrid Halvorsen: Agreed.,0
"I'd also like to note that while we're addressing the symptom, we should look at our hiring offer process.",0
"If we're consistently anchoring offers differently for different candidates at the same level, that's a systemic issue.",0
Ashley Drummond: We should audit the last two years of offer approvals.,0
Who owns that?,0
Ingrid Halvorsen: I'll run that analysis.,0
I expect to have results in three weeks.,0
Tyrone Bell: Anything on the sales comp side?,0
Ingrid Halvorsen: Sales comp is quota-based and competitive — no significant benchmarking gaps.,0
The variable pay structure is performing as designed.,0
Ashley Drummond: Alright.,0
"Summary decisions: IC6 engineering adjustment, CS Manager equity correction, and a historical offer audit.",0
Total comp adjustment cost is approximately 82K annually.,1
Can you get the adjustment letters drafted and approved through finance by November 30th?,0
Ingrid Halvorsen: I'll have them ready for signatures by November 25th.,0
Haruto Kimura: Okay so this is our quarterly voice of customer synthesis.,1
"I've been pulling from four sources: our NPS survey verbatims, Intercom support tickets from the past 90 days, Gong call recordings from CS check-ins, and the feature request portal.",0
Let me share what the data is telling us.,0
Beatrice Owusu: How many data points are we working with?,0
"Haruto Kimura: 312 NPS responses, 1,847 support tickets, 94 call transcripts reviewed, and 203 feature requests.",0
It's a decent sample.,0
Beatrice Owusu: What are the top themes?,0
Haruto Kimura: Theme one: speed and performance.,0
This shows up across all four sources.,0
Users are frustrated with slow dashboard load times — specifically when dashboards have more than 10 widgets.,0
The average complaint mentions 8 to 12 second load times.,0
Neil Sorensen: We know this is a technical debt issue.,0
The dashboard rendering is doing all queries synchronously.,0
It's on the backlog.,0
Haruto Kimura: It needs to be elevated.,0
This is the number one complaint by volume.,0
23 percent of support tickets this quarter mentioned performance.,0
Beatrice Owusu: What's the impact on NPS?,0
Haruto Kimura: Detractors — scores 0 to 6 — mentioned performance 41 percent of the time.,0
Among promoters — 9 to 10 — performance was mentioned only 6 percent of the time.,0
There's a strong correlation.,0
Neil Sorensen: That's pretty damning.,0
We need to prioritize this.,0
Haruto Kimura: Theme two: integrations.,0
The top requested integration is Salesforce — 78 requests in the portal.,0
Followed by HubSpot at 54 and Slack at 47.,0
We have Slack on the roadmap but Salesforce is significantly ahead in demand.,0
Beatrice Owusu: Salesforce integration is a significant engineering lift.,0
We'd estimated 6 to 8 sprints when it was discussed last year.,0
Haruto Kimura: I know.,0
But I want to make sure we're not deprioritizing it purely based on effort without considering the revenue opportunity.,0
Our enterprise customers are almost all Salesforce shops.,0
"If we had a native integration, I think it would materially accelerate enterprise sales cycles.",0
Neil Sorensen: Can we do a lighter-weight version?,0
Like a Salesforce data export rather than a full bidirectional sync?,0
Haruto Kimura: That's worth exploring.,0
I'll put together a feature brief outlining MVP versus full integration options.,0
Beatrice Owusu: Theme three?,0
Haruto Kimura: Reporting flexibility.,0
Users want the ability to customize what columns appear in standard reports — basically table column configurability.,1
"This is a mid-size feature request, maybe 6 to 8 story points.",0
It comes up a lot from power users who are trying to tailor reports for different stakeholders.,0
Neil Sorensen: That's actually not too bad to implement.,0
We have a generic table component that's already configurable in some views.,0
We could potentially extend it.,0
Haruto Kimura: My recommendation on prioritization: fast-follow on dashboard performance as the highest priority given the NPS impact.,0
Salesforce integration scoping as a strategic planning item.,0
Report column configurability as a near-term feature.,1
Beatrice Owusu: I agree on performance — let's get that into the roadmap as a formal initiative.,0
"Neil, can you provide a technical estimate this week?",0
Neil Sorensen: By Thursday.,0
Beatrice Owusu: Good.,0
"Haruto, this synthesis is excellent.",0
Can you share the full report with the exec team?,0
Haruto Kimura: I'll format it and send it by end of week.,0
Jonathan Fell: Thanks for pulling this together on short notice.,0
We have an inbound from Meridian Ventures — they want to set up an initial partner meeting in three weeks.,1
That's aggressive but it's a top-tier fund and we should be ready.,0
Anna Chen: Three weeks is achievable if we prioritize.,0
Let me walk through what I think we need to have in place.,0
"First, the financial model needs to be updated — our last version of the fundraising model is from Q2.",0
We've had four months of actuals since then and the numbers tell a better story than Q2 did.,0
Jonathan Fell: Especially on NRR.,0
We've improved from 108 to 114 percent.,0
Anna Chen: Right.,0
And our gross margins improved by about 3 points as the infrastructure right-sizing took effect.,0
I'll have an updated model — with three scenarios — ready by the end of this week.,0
David Park: What are the three scenarios?,0
"Anna Chen: Base, bull, and conservative.",0
The base case assumes current growth trends continue — approximately 40 percent ARR growth year over year.,0
Bull assumes APAC expansion materializes in H1 of next year and we hit two enterprise tier closings in Q1.,0
Conservative models a slower enterprise sales cycle — what if our cycle stays at 94 days rather than improving?,0
Jonathan Fell: The conservative model is important for credibility.,0
Investors know we'll show a bull case.,0
Showing we've stress-tested the business is a sign of maturity.,0
David Park: What's the ask?,0
Do we have a Series B target amount?,1
Jonathan Fell: We're targeting 18 to 22 million.,0
"We want runway to 30 months post-close and the capital will be used for APAC expansion, two additional senior sales hires, and an acceleration of the product roadmap — specifically the Salesforce integration and enterprise features.",1
"Anna Chen: The pitch narrative needs to tell the full story: strong unit economics, improving retention, a clear enterprise motion that's just getting started, and a credible international expansion thesis.",0
David Park: Who's building the pitch deck?,0
Jonathan Fell: I'll own the narrative and structure.,0
"Anna, can you handle the financial slides?",0
"And David, can you work with product on the roadmap slides — what we're building and why it expands the TAM?",0
David Park: Yes.,0
I'll need to coordinate with Nadia to get the right level of detail on the product story.,0
Jonathan Fell: One thing I want to get ahead of: due diligence.,0
"If this moves fast, we should have a data room ready.",0
"Anna, what's the state of our corporate documents?",0
Anna Chen: The capitalization table is current.,0
Audited financials are through end of last year — we'll need to provide the Q3 unaudited management accounts.,0
"Customer contracts — most are in DocuSign, accessible.",0
IP assignments — we're missing three from early employees who've since left.,0
Jonathan Fell: The missing IP assignments are a red flag.,0
Let's get legal engaged today to track down those individuals and get the paperwork executed.,0
David Park: What's the timeline for the full data room to be ready?,0
Jonathan Fell: Two weeks.,0
That gives us one week of buffer before the partner meeting.,0
"Sandra, can legal prioritize the IP assignment outreach this week?",0
Anna Chen: I'll coordinate with Sandra.,0
Anything else?,0
Jonathan Fell: Make sure the data room has our SOC 2 report — investors are increasingly asking about it early.,0
And let's not share the data room until we have an NDA signed.,0
Any questions?,0
David Park: Who else knows about this inbound?,0
Should we be managing information flow carefully?,0
Jonathan Fell: Keep it to this room and the exec team for now.,0
We don't want to create noise internally until we know if this is a live deal.,0
Marta Kowalski: Thank you all for coming.,0
"As part of the cost reduction initiative, I've been auditing our entire SaaS stack over the past three weeks.",0
I want to walk through the findings and get alignment on a consolidation plan.,0
Hector Avila: How many tools are we paying for across the company?,0
Marta Kowalski: 94 active subscriptions.,1
I know — it's a lot.,0
This happened organically as each team bought what they needed without central oversight.,0
Hector Avila: What's the annual spend?,0
Marta Kowalski: Total SaaS expenditure is 1.14 million annually.,0
"That's about 8,500 per employee, which is on the high end for a company our size.",0
Claudia Mercer: Are there obvious redundancies?,0
Marta Kowalski: Many.,0
I'll start with the clearest ones.,0
"We have three video conferencing tools — Zoom, Teams, and Google Meet — all with active licenses.",0
"We also have three project management tools in active use: Asana, Monday.com, and Notion.",0
And two customer data platforms: Segment and Rudderstack.,0
Hector Avila: How did we end up with three PM tools?,0
Marta Kowalski: Engineering standardized on Asana.,0
Marketing picked up Monday.com last year.,0
And product uses Notion for roadmapping.,0
Each team is resistant to switching because they've built workflows around their tool.,0
Claudia Mercer: Have you assessed which tool could serve all three teams?,0
Marta Kowalski: I ran a survey and facilitated a cross-functional evaluation.,0
Asana came out ahead — it has the most mature project tracking features and engineering is already using it.,0
The concern from product was that Asana's roadmapping is less flexible than Notion's.,0
Hector Avila: Can Asana and Notion coexist if we eliminate Monday.com?,0
Marta Kowalski: Yes.,0
Notion can remain as the product team's roadmapping and documentation tool since it has a free tier for small teams and can be justified separately.,0
"Eliminating Monday.com saves us 28,000 per year.",0
Claudia Mercer: What about the video conferencing situation?,0
Marta Kowalski: We should standardize on one.,0
"We're a Google Workspace company, so Meet is already included.",0
We could theoretically drop Zoom and Teams.,0
But Zoom is used externally — most of our customer calls and partner calls happen on Zoom.,0
"So I'd recommend: keep Zoom for external calls, eliminate Teams entirely.",0
"That saves 16,000 per year and simplifies our stack.",0
Hector Avila: Teams was acquired by engineering — do they have a dependency on it?,0
Marta Kowalski: I checked.,0
The only Teams usage is some legacy integrations with an old internal bot.,0
That can be migrated to Slack.,0
Hector Avila: Okay.,0
What about the CDP situation — Segment versus Rudderstack?,0
Marta Kowalski: Rudderstack was piloted by engineering as a cost-effective alternative to Segment.,0
But Segment is far more deeply integrated — it's our source of truth for customer event data and the marketing team is heavily dependent on it.,0
Rudderstack never got past the pilot stage.,0
We're essentially paying for both and using one.,0
Claudia Mercer: Cancel Rudderstack?,0
Marta Kowalski: Cancel Rudderstack.,0
"It's 22,000 per year and the contract is month-to-month.",0
"Hector Avila: So between Monday.com, Teams, and Rudderstack, we're looking at 66,000 in savings.",1
That's a start.,0
Marta Kowalski: That's just the first tier.,0
I have a second tier of lower-usage tools that I'll be sending surveys to department heads about.,1
I expect another 40 to 60K from that round.,0
"Combined, we're targeting 100 to 130K in SaaS savings.",0
Claudia Mercer: What's the implementation timeline?,0
Marta Kowalski: The three cancellations I've mentioned can happen within 30 days once we give notice.,0
The department head surveys need to go out this week so we can make decisions before the fiscal year-end review.,0
Hector Avila: Send the surveys.,0
And put together a one-pager summarizing the decisions from today for leadership communication.,0
Marta Kowalski: I'll have that ready by Friday.,0
Chen Xiaoming: Let me set the context.,0
Our current ETL pipeline was built three years ago in a very different scale environment.,0
"It runs on a single EC2 instance, uses hand-written Python scripts scheduled by cron jobs, and has no monitoring beyond basic CloudWatch metrics.",0
It processes about 14 million events per day and it's starting to show cracks.,0
Roshani Kapoor: What kind of cracks?,0
"Data freshness issues, failure rates?",0
Chen Xiaoming: Both.,0
In the past month we've had four pipeline failures that caused reporting data to go stale for between 4 and 11 hours.,1
"The failure recovery process is fully manual — someone has to SSH into the box, diagnose, and rerun.",0
"And we have no data quality checks — if upstream data arrives malformed, it silently passes through and pollutes the warehouse.",0
Dave Afolabi: What's the downstream impact when reporting goes stale?,0
Chen Xiaoming: The customer success team loses access to current account health data.,0
And our billing calculations run off the warehouse data — a 4-hour delay isn't catastrophic but an 11-hour delay has caused some customer invoice discrepancies.,0
Roshani Kapoor: What's the modernization proposal?,0
Chen Xiaoming: Three main components.,0
"First, migrate from cron-based scheduling to Apache Airflow.",1
"That gives us DAG-based orchestration, retries, alerting, and a UI for monitoring pipeline status.",0
"Second, add dbt for transformation layer management — that replaces the hand-written SQL in the Python scripts with documented, tested, version-controlled transformation models.",0
"Third, add Great Expectations for data quality validation — automated checks at ingestion and transformation stages.",1
Dave Afolabi: What's the hosting model for Airflow?,0
Self-managed or managed?,0
Chen Xiaoming: I'd recommend MWAA — Amazon's managed Airflow.,0
"Given what we learned from the Kafka MSK conversation, keeping things in the AWS ecosystem reduces operational overhead.",0
Roshani Kapoor: What's the cost?,0
"Chen Xiaoming: MWAA at our scale — probably 1,500 to 2,000 per month.",0
dbt Cloud is 100 per developer per month — we'd have three developers using it.,0
Great Expectations is open source.,0
"So all-in, roughly 20 to 25K annually.",0
Dave Afolabi: What's the migration risk?,0
We can't have a prolonged outage of the reporting pipeline.,0
Chen Xiaoming: The plan is to run both pipelines in parallel for 30 days.,0
The old cron pipeline continues running.,0
"We build the new Airflow DAGs in shadow mode, validate output against the old pipeline's output, and cut over only when outputs are consistent.",0
Roshani Kapoor: Who would own this work?,0
Chen Xiaoming: This is a 6 to 8 week project.,0
I'd own it with support from Ananya on the dbt side — she has prior dbt experience.,0
We'd need to carve out capacity in two upcoming sprints.,0
Dave Afolabi: We can likely do one sprint dedicated and then split attention in the second sprint.,0
Let's plan that in the next sprint planning session.,0
"Chen Xiaoming: One more thing — before we start, I want to do a thorough audit of all existing DAG workflows and document what each cron job does.",0
We've lost institutional knowledge on some of them.,0
Roshani Kapoor: Good call.,0
That documentation alone is valuable regardless of whether we migrate.,0
Dave Afolabi: Approved in principle.,0
Get us a formal project plan with timeline and sprint allocation by next Friday.,0
Chen Xiaoming: Will do.,0
Serena Vogel: The goal of today's session is to get everyone aligned on our competitive positioning as we head into the fundraising process and the sales push.,0
"We need to know who we're competing against, where we win, and where we lose.",0
Rafael Dominguez: I've been tracking this closely.,0
"Our primary competitors in the enterprise segment are three: Dataloop, NoteSync Pro, and MeetingOS.",1
Each has a different profile.,0
Serena Vogel: Walk us through them.,0
Rafael Dominguez: Dataloop is the most well-funded — they raised a Series C of 45 million last year.,0
They're strong in analytics and have deep Salesforce integration.,1
Their weakness is UX — their interface is powerful but complex.,0
We consistently win against them in companies where ease of adoption is the primary concern.,0
Serena Vogel: What percentage of our competitive wins are against Dataloop?,0
Rafael Dominguez: About 34 percent of our competitive deals involve Dataloop.,0
Our win rate against them is 54 percent when we get to a live evaluation.,0
But we lose early-stage deals when Salesforce integration is the first requirement — they have native integration and we don't yet.,0
Penny Walsh: That's exactly what we talked about in the VoC review.,0
Salesforce integration keeps coming up.,0
Rafael Dominguez: Agreed.,0
NoteSync Pro is a different animal — they're winning in the SMB market below 100 employees.,0
Their price point is about 40 percent below ours.,0
"We're not usually competing against them directly in our target segment, but they're winning deals that could have graduated to us.",0
Serena Vogel: Should we be worried about them moving upmarket?,0
Rafael Dominguez: They recently announced a new enterprise tier.,0
"It's early and the feature set is thin, but we should watch this.",0
Penny Walsh: What's our differentiator against them?,0
"Rafael Dominguez: Security and compliance, depth of analytics, and integrations.",0
SMB customers often don't care about SOC 2 — enterprise does.,0
"So as they move upmarket, their product is probably not ready for the scrutiny.",0
Rafael Dominguez: MeetingOS is the oldest player — they've been around 7 years.,0
"They have a huge installed base, especially in financial services and healthcare.",1
But they're running on legacy architecture — customers complain frequently about slow updates and outdated UX.,0
Their NPS is reportedly in the low 20s.,0
Serena Vogel: That's a market opportunity — we should be actively targeting their unhappy customers.,0
Penny Walsh: Can we create a migration program?,0
Like a white-glove MeetingOS-to-us migration offering?,0
Rafael Dominguez: I think so.,0
"If we can reduce switching friction — data import, onboarding support — we can win on product quality alone versus their installed base.",0
Serena Vogel: That's a good idea.,0
Let's work up a proposal.,0
"Rafael, can you and the CS team define what a migration program would look like — cost, scope, support requirements — by the end of the month?",0
Rafael Dominguez: I'll have a draft by month end.,0
Serena Vogel: On messaging — how are we positioning?,0
What's the one-liner?,0
Penny Walsh: Right now it's something like 'AI-powered meeting intelligence for enterprise teams.' But that's generic.,0
Every competitor says something similar.,0
Serena Vogel: What's our actual point of difference?,0
"Rafael Dominguez: Ease of adoption, time to value, and security.",0
"Our customers go from sign-up to insight in hours, not weeks.",0
That's demonstrably different from Dataloop.,0
Serena Vogel: What if we positioned around time to value?,0
Something like 'From your first meeting to actionable insight in one day.' We make a guarantee that's hard for Dataloop to match.,0
Penny Walsh: I like that.,0
"It's testable, it's specific, and it plays to our strength.",0
Serena Vogel: Let's workshop the exact language and have a refined messaging framework by the next marketing sync.,0
Petra Sandoval: Thank you all for making time for our quarterly business review.,0
"Today I'd like to cover three things: how you've been using the platform over the past quarter, where we see opportunities to deepen value, and what's on the roadmap that's relevant to your team.",0
Olivia Marsh: Sounds good.,0
We appreciate the structure.,0
Petra Sandoval: Let me start with your usage data.,0
"Over the past 90 days, your organization has run 847 meetings through IntelliMinute — that's up 22 percent from Q2.",0
Your most active teams are logistics ops and the supplier relations group.,0
"Average meeting action item capture rate has improved from 1.4 action items per meeting in Q2 to 2.6 in Q3, which is above our platform average of 2.1.",1
Olivia Marsh: That's good to hear.,0
The action item capture is actually why we brought the platform in — our head of logistics was drowning in follow-up emails.,0
The fact that it's automatically extracted and assigned has been a real time saver.,0
Petra Sandoval: Can you quantify that?,0
We're building out ROI case studies and your use case is a good one.,0
"Olivia Marsh: Honestly, our logistics team estimates they're saving about 3 hours per person per week on post-meeting documentation.",1
That's across 18 people in that group.,0
So roughly 54 hours a week — and these are people billing at about 120 dollars an hour to clients.,0
"Petra Sandoval: That's approximately 6,400 dollars a week in recaptured billing hours, or over 330,000 annually.",0
That's a compelling ROI relative to your annual contract value.,0
Olivia Marsh: I hadn't done the math that formally.,0
That's useful to have.,0
Petra Sandoval: I'll put that in our QBR follow-up document.,0
Now — are there any areas where the platform is falling short of expectations?,0
Olivia Marsh: The main thing — and we've mentioned this in the survey — is the transcription accuracy on calls that involve heavy industry jargon.,0
"When our operations managers are discussing things like freight consolidation, drayage, or specific port codes, the transcription often gets those terms wrong.",0
It becomes noise rather than signal in the summary.,0
Petra Sandoval: That's valuable feedback.,0
We do have a custom vocabulary feature that's currently in beta — it lets you add domain-specific terminology to improve transcription accuracy for your team.,1
I'd like to get you into that beta.,0
Olivia Marsh: That would be a big win.,0
When can we start?,0
Petra Sandoval: I can have access provisioned for you by the end of this week.,0
I'll send instructions.,0
Olivia Marsh: Perfect.,0
One more thing — our IT director asked about bulk user management.,0
We're adding 30 more people to the platform next quarter and doing them one at a time is tedious.,0
Petra Sandoval: Bulk user provisioning via CSV upload is launching next month.,0
I'll make sure you're notified as soon as it goes live.,0
Olivia Marsh: Great.,0
"Overall, we're happy with the platform.",0
Renewal is coming up in January — I don't anticipate issues but I'll want to see the custom vocabulary working well before I go to leadership with the renewal recommendation.,0
Petra Sandoval: Understood.,0
We'll make sure you have a positive experience with it before year-end.,0
Anything else?,0
Olivia Marsh: I think that covers it.,0
This was a good conversation.,0
Petra Sandoval: Excellent.,0
I'll send the QBR summary document with the ROI calculations by Friday.,0
Imogen Park: Let's talk content.,0
Our inbound organic traffic has been essentially flat for six months.,0
"We're getting about 18,000 monthly unique visitors and it's not moving.",0
I want to understand why and figure out what to do about it.,0
Dylan Cruz: I pulled the SEO audit from Ahrefs.,0
"The short version: our domain authority is 41, which is decent for our age.",0
But we're not ranking well for our target keywords.,0
"We're basically invisible for 'meeting intelligence software,' 'AI meeting notes,' and 'meeting action item tracker.' Those are the high-intent terms that our competitors are dominating.",0
Imogen Park: Why are we invisible?,0
"Is it a content volume problem, a backlink problem, or an on-page problem?",0
Dylan Cruz: Combination.,0
Our competitors have 3 to 5 times the volume of blog content targeting long-tail keywords in our space.,0
And Dataloop especially has a strong backlink profile — they've been aggressively doing guest posting and partnership content.,0
Natalia Reeves: What does our content library look like?,0
Dylan Cruz: We have 34 blog posts.,1
Most were written by the founders in the early days and are not particularly SEO-optimized.,0
About 8 of them get meaningful traffic — those are the ones that happened to hit a good keyword.,0
The rest are essentially invisible.,0
"Imogen Park: So we need a content strategy, not just content production.",0
What's the keyword opportunity?,0
Dylan Cruz: I've done a keyword gap analysis.,0
"There are about 180 keywords in our space with monthly search volume between 500 and 5,000 — mid-range volume, lower competition.",0
These are achievable targets.,0
"Things like 'how to take better meeting notes,' 'meeting accountability software,' 'follow-up from meeting template.'

Natalia Reeves: Those are super relevant to our ICP.",0
"If someone's searching for 'follow-up from meeting template,' they have our exact problem.",0
Dylan Cruz: Right.,0
"And we could own many of those with well-structured, well-optimized content.",0
Imogen Park: What's the production capacity question?,0
We can't produce 180 articles ourselves.,0
Dylan Cruz: We don't need 180 immediately.,0
"A cadence of 8 to 10 high-quality, long-form posts per month targeting specific keyword clusters would move the needle in 4 to 6 months.",0
Natalia Reeves: Do we have in-house capacity for 8 to 10 posts a month?,0
Dylan Cruz: Not without additional resources.,0
I could manage 2 to 3 per month myself with the research and optimization.,0
"For the rest, I'd recommend a hybrid: one or two freelance writers who specialize in B2B SaaS content, and a thought leadership series where we get contributions from our team or customers.",0
"Imogen Park: Budget-wise, what does that cost?",0
Dylan Cruz: Good freelance B2B SaaS writers are 500 to 800 per article.,0
"For 6 additional articles per month, we're talking 3,000 to 4,800 per month, or 36 to 58K annually.",0
Imogen Park: That's within my discretionary budget if I can show projected impact.,0
"Dylan, can you put together a model showing expected traffic growth and projected lead impact from the content investment?",0
Dylan Cruz: I'll have a projection model by end of this week.,0
Natalia Reeves: We should also fix the technical SEO issues before we invest heavily in content.,0
What's on the technical side?,0
"Dylan Cruz: Three main issues: page speed on mobile is poor — averaging 3.4 seconds load time, which hurts ranking.",0
We have duplicate title tags on about 15 pages.,0
And our internal linking structure is weak — pages aren't linking to each other to build topical authority.,0
Imogen Park: The title tags and internal linking are quick wins.,1
Let's get those fixed this month.,0
The page speed requires engineering — I'll open a ticket.,0
Dylan Cruz: I can handle the title tags and internal linking within two weeks.,1
Imogen Park: Do that.,0
"And Dylan, let's schedule a content planning session for next week to start mapping out the first quarter of articles.",0
Nadia Rossi: Alright.,0
Mobile has been on the roadmap as a future initiative for two years.,0
The time has come to stop kicking it down the road.,0
We have enough signal from customers and from the market that we need a native mobile experience.,0
Let's figure out what 'version one' actually looks like.,0
"Fang Li: Before we get into features, I want to understand what the business case is.",0
What behavior are we trying to enable on mobile that desktop doesn't serve?,0
Nadia Rossi: Three things came up consistently in user research.,0
"First: viewing meeting summaries and action items immediately after a meeting, when people are on the move.",0
Second: marking action items as complete from your phone — people don't want to open a laptop just to check something off.,0
Third: receiving push notifications when you're assigned an action item.,0
Fang Li: Those are all consumption and notification tasks.,0
Not creation.,0
That's actually good from an engineering complexity standpoint — we're not building a mobile meeting editor.,0
Nadia Rossi: Exactly.,0
V1 is a companion app — not a replacement for the web app.,1
Kira Sato: What platform?,0
"iOS only, Android only, or both?",0
Nadia Rossi: Both.,0
"Our usage data shows 55 percent iOS, 41 percent Android, 4 percent other.",0
We can't launch iOS only and leave 41 percent of our mobile users without support.,0
Fang Li: Cross-platform means React Native or Flutter.,0
Do we have React Native experience on the team?,1
Kira Sato: I've shipped two React Native apps professionally.,0
And we have some React Native code from the abandoned mobile experiment from 18 months ago.,0
We're not starting from zero.,0
Fang Li: Good.,0
React Native makes sense given our existing React web codebase — some component patterns will transfer.,0
Nadia Rossi: What's the feature scope for V1?,0
"Kira Sato: Based on the use cases: meeting summary viewer, action item list with completion toggle, push notifications for new assignments, and a simple notification preferences screen.",0
Fang Li: What about authentication?,0
"Kira Sato: SSO via our existing auth service, biometric authentication for returning users.",0
Nadia Rossi: That sounds right.,0
"Fang, story point estimate for V1?",0
"Fang Li: I'd need to do a proper breakdown, but rough order of magnitude: 40 to 55 points.",0
Three to four sprints of focused work.,0
Nadia Rossi: That's feasible for Q1 if we start in January.,0
"Kira, can you own the technical architecture and mobile development?",0
Kira Sato: Yes.,0
I'd also recommend we bring in one additional React Native contractor for the build phase — I don't want to pull too many resources from the web platform team.,1
Nadia Rossi: Reasonable.,0
Pencil in a contractor budget request — I'll include it in the Q1 planning submission.,0
"Fang Li: We also need to talk about app store compliance — Apple App Store review requirements, privacy labels, and Google Play policy for apps handling meeting data.",0
"Kira Sato: Yes, that's not trivial.",0
We'll need a proper privacy policy review with legal and potentially a data minimization audit — we should only be requesting permissions that V1 actually needs.,0
Nadia Rossi: Schedule time with Sandra on the legal side before development starts.,0
Let's target a V1 launch by end of Q1 — late March.,0
App store submission would need to happen mid-March to allow review time.,0
Kira Sato: That timeline is tight but achievable if we start January 6th.,0
Nadia Rossi: Let's do it.,0
"Kira, please build out the technical architecture document and a detailed sprint plan by January 3rd so we can kick off immediately in the new year.",0
Monique Hayes: Thanks everyone.,0
"The reason we're meeting is that we've had three senior engineering roles open for longer than 90 days each — the Staff Engineer, the Senior Backend Engineer II, and the Principal Data Engineer.",1
These are blocking the roadmap.,0
We need to diagnose why and fix it.,0
Arun Sharma: I can speak to the Staff Engineer role.,0
We've interviewed 14 candidates over the past three months.,0
"Of those, 4 made it to the final round.",0
We made offers to 2.,0
Both declined.,0
Monique Hayes: Why did they decline?,0
Arun Sharma: Both cited compensation.,0
Our offer for the Staff Engineer role was 185K base.,0
Both candidates had competing offers at 210 to 220K from Series C or later startups and one from a FAANG.,0
Monique Hayes: Our comp bands are outdated then.,0
That's the same conclusion we reached in the comp benchmarking review.,0
Arun Sharma: Our IC6 band tops out at 190K.,0
That was set 18 months ago.,0
The market has moved.,0
"Lila Okafor: For the Senior Backend Engineer II, the issue is different.",1
"We're getting applicants, but the pipeline quality is low.",0
"We're not getting applicants from our target company list — ex-Stripe, Plaid, Brex, or Databricks engineers.",0
Monique Hayes: Where are our applicants coming from?,0
Lila Okafor: Mostly LinkedIn easy-apply and general job boards.,0
"Very few from employee referrals, which has historically been our strongest channel.",0
Arun Sharma: We basically stopped doing referral outreach six months ago when we were under a hiring freeze.,0
The network is cold now.,0
Monique Hayes: We need to re-warm it.,0
What's the referral bonus structure?,0
"Lila Okafor: 3,000 dollars per successful hire.",0
I think that's below market now — many companies are offering 7 to 10K for senior technical hires.,0
"Monique Hayes: Proposal: raise the referral bonus for senior IC6+ roles to 7,500 and run an internal campaign to get the team actively recruiting from their networks.",0
Can we do that?,0
Arun Sharma: Approved from the engineering side — we want the hires.,0
Finance would need to greenlight the bonus increase.,0
Monique Hayes: I'll take that to Gregory.,0
Let's assume it's approved and start the campaign.,0
What about sourcing?,0
Are we using any external agencies?,0
Lila Okafor: We had a partnership with TalentSource but paused it during the freeze.,0
They charged 18 percent of first-year salary — expensive but they have a strong senior engineering network.,0
Monique Hayes: Restart the TalentSource engagement for the Principal Data Engineer role specifically — that one is the most urgent and most specialized.,1
Budget it as a one-time exception.,0
Arun Sharma: Agreed.,0
The data engineering market is especially tight right now.,0
Monique Hayes: On the comp side — I'll work with Gregory and Ingrid to revise the IC6 band ceiling to 215K effective immediately for these three open roles.,0
I need executive approval to move the band.,0
"Lila Okafor: Once we have that approved, should we go back to the two candidates who declined?",0
Monique Hayes: Yes.,0
"Arun, please send them a personal note saying we've revisited our comp structure and we'd like to re-engage.",0
Don't make an offer in the note — just open the door.,0
Arun Sharma: I can send those today.,0
Monique Hayes: Good.,0
And let's set up a bi-weekly hiring pipeline review — these roles have been invisible to leadership for too long.,0
First one is next Tuesday at 2 PM.,0
Lila Okafor: I'll send the recurring invite.,0
The school staff held a weekly student success meeting to discuss student attendance issues and overall student wellbeing.,1
The meeting began with a review of the list of chronically absent students.,0
Staff members identified a noticeable trend where many students were frequently absent on Fridays.,0
The group discussed possible reasons for this pattern and explored ways to encourage students to attend school more consistently.,0
"One staff member mentioned hearing from several mentees that students often struggled with motivation and energy levels at the end of the school week, making it difficult for them to attend classes on Fridays.",0
"To improve attendance and create a more positive environment, the idea of organizing a pancake breakfast for students on Friday mornings was proposed.",0
The group responded positively to the suggestion and agreed to try the initiative the following week as an incentive to increase student participation and attendance.,0
Another possible explanation discussed during the meeting was the increase in seasonal illnesses as colder weather approached.,0
"Staff members reported seeing more students visiting offices with symptoms such as coughing, sneezing, and general cold-related discomfort.",0
"In response, the team suggested launching a flu season awareness effort across the school.",0
"The proposal included creating and displaying posters throughout the school building with reminders about proper hygiene practices, including hand washing and illness prevention tips.",0
Participants agreed that these reminders would benefit both students and teachers.,0
"The discussion then shifted toward an individual student case involving John Smith, a student who had already missed seven school days despite it being only November.",1
Staff members expressed concern about his attendance record and wanted to understand the underlying cause.,0
"One participant shared information gathered from a recent conversation with John, explaining that he had been under significant stress due to family responsibilities.",0
"John had reportedly been helping his parents care for his younger siblings during the day, which was negatively affecting his school attendance and emotional wellbeing.",0
The team discussed possible ways to support John academically and emotionally.,0
A guidance counselor offered to meet with him later that day to provide counseling support and help him manage stress and personal responsibilities.,0
Another staff member volunteered to research community childcare assistance programs and low-cost family support resources that could potentially reduce the burden on John's family.,0
The participants agreed that coordinated support from both the school and community resources would be beneficial.,0
"The meeting concluded with agreement on several attendance improvement strategies, student wellness initiatives, and support actions for John Smith.",1
Staff members expressed appreciation for the collaborative discussion and agreed to continue monitoring attendance trends and student wellbeing during future meetings.,0
"The company held its monthly operations and management meeting with representatives from administration, sales, HR, IT, and management departments.",0
"Rita, the managing director, opened the meeting and began by recording apologies for absence from several team members who were unable to attend due to illness, personal matters, or scheduling conflicts.",0
"Frank Lyons was noted as running late, while Gary Cope, Karl Madden, Clyde, and Janet Bowers were absent for various reasons.",0
Rita also welcomed a new specialist minute taker and invited attendees to introduce themselves and explain their roles within the organization.,0
"During introductions, Jason Somerville introduced himself as the new project and program manager for marketing after transferring from the US office.",0
"He also expressed condolences regarding the recent loss of the company’s HR manager, Sarah Bryant.",0
Julian Gellis introduced himself as the new HR manager.,0
The meeting then moved to unresolved matters from previous minutes before focusing on ongoing operational issues.,0
Lucy raised concerns regarding increasing problems with office car parking after another company moved into neighboring offices.,0
"Staff members had become accustomed to using additional parking spaces that no longer belonged to the organization, which had resulted in disputes between employees from both companies.",0
"The issue escalated to arguments between staff members, damaging professional relationships and creating tension in the workplace.",0
Lucy explained that members of the sales department particularly needed reliable parking because they regularly used their vehicles during working hours.,0
The management team discussed possible solutions to the parking issue.,0
Suggestions included sending a company-wide email clarifying which parking spaces officially belonged to the company and introducing a priority parking technical.,0
Julian proposed allocating parking spaces to employees who required their vehicles for work purposes.,0
The group also agreed that visitor parking spaces were necessary for clients attending meetings.,0
"After discussion, the attendees agreed to allocate three parking spaces for visitors and reserve two spaces for priority staff members.",0
Jason agreed to prepare and circulate a formal parking allocation list to avoid confusion.,0
Additional discussion focused on enforcing parking rules and removing parking privileges from employees who parked inconsiderately.,0
The next major topic involved concerns about declining staff morale across several departments.,1
"Sue explained that sickness absence rates had increased, especially on Mondays and Fridays, and that sales performance had declined significantly.",0
"Staff members believed morale issues were linked to restructuring, uncertainty regarding job security, insufficient communication, and lack of training on the recently introduced Comet software technical.",0
"The HR department had distributed anonymous questionnaires to gather feedback from employees, and the results highlighted recurring concerns regarding poor management communication, lack of training opportunities, and ineffective appraisal technicals.",0
Discussion followed regarding employee engagement initiatives and methods to improve morale.,0
"Team members proposed various ideas including an awards evening, team-building activities, social events, wellness activities, and company challenges.",0
"Suggestions included go-karting, pilates sessions, darts competitions, and informal social gatherings.",0
Rita recommended collecting additional suggestions from staff and conducting a company-wide vote to identify the most popular morale-boosting activities.,0
Team members agreed to submit further ideas by email before the next meeting.,0
The meeting then moved to IT-related problems.,0
"Frank explained that a major technical issue on Friday had disrupted the company’s technicals due to problems with backup recovery, server frameworks, and energy supply administration.",0
His technical explanation caused confusion among the group until it was simplified into a basic power supply issue.,0
The discussion eventually revealed that the root cause involved unpaid electricity bills affecting technical functionality.,0
The attendees agreed that the accounts department must ensure utility bills are paid on time to avoid future disruptions.,0
Additional discussion highlighted the need for improved communication skills when presenting technical information.,0
Training and software adoption issues were also briefly discussed.,0
"Rita proposed holding a smaller follow-up meeting involving Clive, Frank, and selected staff members to address software training concerns and improve staff understanding of the new technicals.",1
The financial report prepared by Gary was reviewed toward the end of the meeting.,0
"The report showed that although the company remained financially stable overall, contract sales were performing better than handset sales abroad, and overall revenue was lower compared to the previous year.",0
"Some confusion arose regarding the formatting and interpretation of the financial figures, but Julian clarified the results and confirmed that the company remained profitable despite reduced performance.",0
"During the final section of the meeting, staff members raised concerns about workplace cleanliness, including unwashed dishes left in the kitchen and poor conditions in the shower room.",1
Rita acknowledged the concerns and instructed that cleanliness and facility maintenance should be formally added to the agenda for the next meeting.,0
The meeting concluded after all participants confirmed there were no further urgent matters to discuss.,0
Let's start the meeting.,0
Today we are discussing paper writing.,1
We reviewed the current progress and identified some issues.,1
I think we should improve the approach and focus on efficiency.,1
"Yes, we need to finalize the plan by this week.",0
We also need to prepare a detailed report.,0
"Agreed, and we should schedule a follow-up meeting.",0
It was decided to move forward with the updated strategy.,0
Let's start the meeting.,0
Today we are discussing research methodology.,1
We reviewed the current progress and identified some issues.,1
I think we should improve the approach and focus on efficiency.,1
"Yes, we need to finalize the plan by this week.",0
We also need to prepare a detailed report.,0
"Agreed, and we should schedule a follow-up meeting.",0
It was decided to move forward with the updated strategy.,0
Let's start the meeting.,0
Today we are discussing data analysis.,1
We reviewed the current progress and identified some issues.,1
I think we should improve the approach and focus on efficiency.,1
"Yes, we need to finalize the plan by this week.",0
We also need to prepare a detailed report.,0
"Agreed, and we should schedule a follow-up meeting.",0
It was decided to move forward with the updated strategy.,0
Let's start the meeting.,0
Today we are discussing database optimization.,1
We reviewed the current progress and identified some issues.,1
I think we should improve the approach and focus on efficiency.,1
"Yes, we need to finalize the plan by this week.",0
We also need to prepare a detailed report.,0
"Agreed, and we should schedule a follow-up meeting.",0
It was decided to move forward with the updated strategy.,0
Let's start the meeting.,0
Today we are discussing client acquisition.,1
We reviewed the current progress and identified some issues.,1
I think we should improve the approach and focus on efficiency.,1
"Yes, we need to finalize the plan by this week.",0
We also need to prepare a detailed report.,0
"Agreed, and we should schedule a follow-up meeting.",0
It was decided to move forward with the updated strategy.,0
Let's start the meeting.,0
Today we are discussing deployment pipeline.,1
We reviewed the current progress and identified some issues.,1
I think we should improve the approach and focus on efficiency.,1
"Yes, we need to finalize the plan by this week.",0
We also need to prepare a detailed report.,0
"Agreed, and we should schedule a follow-up meeting.",0
It was decided to move forward with the updated strategy.,0
Let's start the meeting.,0
Today we are discussing budget planning.,1
We reviewed the current progress and identified some issues.,1
I think we should improve the approach and focus on efficiency.,1
"Yes, we need to finalize the plan by this week.",0
We also need to prepare a detailed report.,0
"Agreed, and we should schedule a follow-up meeting.",0
It was decided to move forward with the updated strategy.,0
Let's start the meeting.,0
Today we are discussing deployment pipeline.,1
We reviewed the current progress and identified some issues.,1
I think we should improve the approach and focus on efficiency.,1
"Yes, we need to finalize the plan by this week.",0
We also need to prepare a detailed report.,0
"Agreed, and we should schedule a follow-up meeting.",0
It was decided to move forward with the updated strategy.,0
Let's start the meeting.,0
Today we are discussing deployment pipeline.,1
We reviewed the current progress and identified some issues.,1
I think we should improve the approach and focus on efficiency.,1
"Yes, we need to finalize the plan by this week.",0
We also need to prepare a detailed report.,0
"Agreed, and we should schedule a follow-up meeting.",0
It was decided to move forward with the updated strategy.,0
Let's start the meeting.,0
Today we are discussing paper writing.,1
We reviewed the current progress and identified some issues.,1
I think we should improve the approach and focus on efficiency.,1
"Yes, we need to finalize the plan by this week.",0
We also need to prepare a detailed report.,0
"Agreed, and we should schedule a follow-up meeting.",0
It was decided to move forward with the updated strategy.,0
Let's start the meeting.,0
Today we are discussing market expansion.,1
We reviewed the current progress and identified some issues.,1
I think we should improve the approach and focus on efficiency.,1
"Yes, we need to finalize the plan by this week.",0
We also need to prepare a detailed report.,0
"Agreed, and we should schedule a follow-up meeting.",0
It was decided to move forward with the updated strategy.,0
Let's start the meeting.,0
Today we are discussing bug fixing.,1
We reviewed the current progress and identified some issues.,1
I think we should improve the approach and focus on efficiency.,1
"Yes, we need to finalize the plan by this week.",0
We also need to prepare a detailed report.,0
"Agreed, and we should schedule a follow-up meeting.",0
It was decided to move forward with the updated strategy.,0
Let's start the meeting.,0
Today we are discussing sales strategy.,1
We reviewed the current progress and identified some issues.,0
I think we should improve the approach and focus on efficiency.,1
"Yes, we need to finalize the plan by this week.",0
We also need to prepare a detailed report.,0
"Agreed, and we should schedule a follow-up meeting.",0
It was decided to move forward with the updated strategy.,1
Let's start the meeting.,0
Today we are discussing client acquisition.,1
We reviewed the current progress and identified some issues.,1
I think we should improve the approach and focus on efficiency.,1
"Yes, we need to finalize the plan by this week.",0
We also need to prepare a detailed report.,0
"Agreed, and we should schedule a follow-up meeting.",0
It was decided to move forward with the updated strategy.,0
Let's start the meeting.,0
Today we are discussing data analysis.,1
We reviewed the current progress and identified some issues.,1
I think we should improve the approach and focus on efficiency.,1
"Yes, we need to finalize the plan by this week.",0
We also need to prepare a detailed report.,0
"Agreed, and we should schedule a follow-up meeting.",0
It was decided to move forward with the updated strategy.,0
Let's start the meeting.,0
Today we are discussing client acquisition.,1
We reviewed the current progress and identified some issues.,1
I think we should improve the approach and focus on efficiency.,1
"Yes, we need to finalize the plan by this week.",0
We also need to prepare a detailed report.,0
"Agreed, and we should schedule a follow-up meeting.",0
It was decided to move forward with the updated strategy.,0
Let's start the meeting.,0
Today we are discussing sales strategy.,1
We reviewed the current progress and identified some issues.,0
I think we should improve the approach and focus on efficiency.,1
"Yes, we need to finalize the plan by this week.",0
We also need to prepare a detailed report.,0
"Agreed, and we should schedule a follow-up meeting.",0
It was decided to move forward with the updated strategy.,1
Let's start the meeting.,0
Today we are discussing client acquisition.,1
We reviewed the current progress and identified some issues.,1
I think we should improve the approach and focus on efficiency.,1
"Yes, we need to finalize the plan by this week.",0
We also need to prepare a detailed report.,0
"Agreed, and we should schedule a follow-up meeting.",0
It was decided to move forward with the updated strategy.,0
Let's start the meeting.,0
Today we are discussing research methodology.,1
We reviewed the current progress and identified some issues.,1
I think we should improve the approach and focus on efficiency.,1
"Yes, we need to finalize the plan by this week.",0
We also need to prepare a detailed report.,0
"Agreed, and we should schedule a follow-up meeting.",0
It was decided to move forward with the updated strategy.,0
Let's start the meeting.,0
Today we are discussing deployment pipeline.,1
We reviewed the current progress and identified some issues.,1
I think we should improve the approach and focus on efficiency.,1
"Yes, we need to finalize the plan by this week.",0
We also need to prepare a detailed report.,0
"Agreed, and we should schedule a follow-up meeting.",0
It was decided to move forward with the updated strategy.,0
Let's start the meeting.,0
Today we are discussing paper writing.,1
We reviewed the current progress and identified some issues.,1
I think we should improve the approach and focus on efficiency.,1
"Yes, we need to finalize the plan by this week.",0
We also need to prepare a detailed report.,0
"Agreed, and we should schedule a follow-up meeting.",0
It was decided to move forward with the updated strategy.,0
Let's start the meeting.,0
Today we are discussing API development.,1
We reviewed the current progress and identified some issues.,1
I think we should improve the approach and focus on efficiency.,1
"Yes, we need to finalize the plan by this week.",0
We also need to prepare a detailed report.,0
"Agreed, and we should schedule a follow-up meeting.",0
It was decided to move forward with the updated strategy.,0
Let's start the meeting.,0
Today we are discussing deployment pipeline.,1
We reviewed the current progress and identified some issues.,1
I think we should improve the approach and focus on efficiency.,1
"Yes, we need to finalize the plan by this week.",0
We also need to prepare a detailed report.,0
"Agreed, and we should schedule a follow-up meeting.",0
It was decided to move forward with the updated strategy.,0
Let's start the meeting.,0
Today we are discussing deployment pipeline.,1
We reviewed the current progress and identified some issues.,1
I think we should improve the approach and focus on efficiency.,1
"Yes, we need to finalize the plan by this week.",0
We also need to prepare a detailed report.,0
"Agreed, and we should schedule a follow-up meeting.",0
It was decided to move forward with the updated strategy.,0
Let's start the meeting.,0
Today we are discussing API development.,1
We reviewed the current progress and identified some issues.,1
I think we should improve the approach and focus on efficiency.,1
"Yes, we need to finalize the plan by this week.",0
We also need to prepare a detailed report.,0
"Agreed, and we should schedule a follow-up meeting.",0
It was decided to move forward with the updated strategy.,0
Let's start the meeting.,0
Today we are discussing API development.,1
We reviewed the current progress and identified some issues.,1
I think we should improve the approach and focus on efficiency.,1
"Yes, we need to finalize the plan by this week.",0
We also need to prepare a detailed report.,0
"Agreed, and we should schedule a follow-up meeting.",0
It was decided to move forward with the updated strategy.,0
Let's start the meeting.,0
Today we are discussing budget planning.,1
We reviewed the current progress and identified some issues.,1
I think we should improve the approach and focus on efficiency.,1
"Yes, we need to finalize the plan by this week.",0
We also need to prepare a detailed report.,0
"Agreed, and we should schedule a follow-up meeting.",0
It was decided to move forward with the updated strategy.,0
Let's start the meeting.,0
Today we are discussing API development.,1
We reviewed the current progress and identified some issues.,1
I think we should improve the approach and focus on efficiency.,1
"Yes, we need to finalize the plan by this week.",0
We also need to prepare a detailed report.,0
"Agreed, and we should schedule a follow-up meeting.",0
It was decided to move forward with the updated strategy.,0
Let's start the meeting.,0
Today we are discussing bug fixing.,1
We reviewed the current progress and identified some issues.,1
I think we should improve the approach and focus on efficiency.,1
"Yes, we need to finalize the plan by this week.",0
We also need to prepare a detailed report.,0
"Agreed, and we should schedule a follow-up meeting.",0
It was decided to move forward with the updated strategy.,0
Let's start the meeting.,0
Today we are discussing bug fixing.,1
We reviewed the current progress and identified some issues.,1
I think we should improve the approach and focus on efficiency.,1
"Yes, we need to finalize the plan by this week.",0
We also need to prepare a detailed report.,0
"Agreed, and we should schedule a follow-up meeting.",0
It was decided to move forward with the updated strategy.,0
Let's start the meeting.,0
Today we are discussing deployment pipeline.,1
We reviewed the current progress and identified some issues.,1
I think we should improve the approach and focus on efficiency.,1
"Yes, we need to finalize the plan by this week.",0
We also need to prepare a detailed report.,0
"Agreed, and we should schedule a follow-up meeting.",0
It was decided to move forward with the updated strategy.,0
Let's start the meeting.,0
Today we are discussing data analysis.,1
We reviewed the current progress and identified some issues.,1
I think we should improve the approach and focus on efficiency.,1
"Yes, we need to finalize the plan by this week.",0
We also need to prepare a detailed report.,0
"Agreed, and we should schedule a follow-up meeting.",0
It was decided to move forward with the updated strategy.,0
Let's start the meeting.,0
Today we are discussing budget planning.,1
We reviewed the current progress and identified some issues.,1
I think we should improve the approach and focus on efficiency.,1
"Yes, we need to finalize the plan by this week.",0
We also need to prepare a detailed report.,0
"Agreed, and we should schedule a follow-up meeting.",0
It was decided to move forward with the updated strategy.,0
Let's start the meeting.,0
Today we are discussing experiment results.,1
We reviewed the current progress and identified some issues.,1
I think we should improve the approach and focus on efficiency.,1
"Yes, we need to finalize the plan by this week.",0
We also need to prepare a detailed report.,0
"Agreed, and we should schedule a follow-up meeting.",0
It was decided to move forward with the updated strategy.,0
Let's start the meeting.,0
Today we are discussing data analysis.,1
We reviewed the current progress and identified some issues.,1
I think we should improve the approach and focus on efficiency.,1
"Yes, we need to finalize the plan by this week.",0
We also need to prepare a detailed report.,0
"Agreed, and we should schedule a follow-up meeting.",0
It was decided to move forward with the updated strategy.,0
Let's start the meeting.,0
Today we are discussing market expansion.,1
We reviewed the current progress and identified some issues.,1
I think we should improve the approach and focus on efficiency.,1
"Yes, we need to finalize the plan by this week.",0
We also need to prepare a detailed report.,0
"Agreed, and we should schedule a follow-up meeting.",0
It was decided to move forward with the updated strategy.,0
Let's start the meeting.,0
Today we are discussing database optimization.,1
We reviewed the current progress and identified some issues.,1
I think we should improve the approach and focus on efficiency.,1
"Yes, we need to finalize the plan by this week.",0
We also need to prepare a detailed report.,0
"Agreed, and we should schedule a follow-up meeting.",0
It was decided to move forward with the updated strategy.,0
Let's start the meeting.,0
Today we are discussing sales strategy.,1
We reviewed the current progress and identified some issues.,0
I think we should improve the approach and focus on efficiency.,1
"Yes, we need to finalize the plan by this week.",0
We also need to prepare a detailed report.,0
"Agreed, and we should schedule a follow-up meeting.",0
It was decided to move forward with the updated strategy.,1
Let's start the meeting.,0
Today we are discussing database optimization.,1
We reviewed the current progress and identified some issues.,1
I think we should improve the approach and focus on efficiency.,1
"Yes, we need to finalize the plan by this week.",0
We also need to prepare a detailed report.,0
"Agreed, and we should schedule a follow-up meeting.",0
It was decided to move forward with the updated strategy.,0
Let's start the meeting.,0
Today we are discussing database optimization.,1
We reviewed the current progress and identified some issues.,1
I think we should improve the approach and focus on efficiency.,1
"Yes, we need to finalize the plan by this week.",0
We also need to prepare a detailed report.,0
"Agreed, and we should schedule a follow-up meeting.",0
It was decided to move forward with the updated strategy.,0
Let's start the meeting.,0
Today we are discussing deployment pipeline.,1
We reviewed the current progress and identified some issues.,1
I think we should improve the approach and focus on efficiency.,1
"Yes, we need to finalize the plan by this week.",0
We also need to prepare a detailed report.,0
"Agreed, and we should schedule a follow-up meeting.",0
It was decided to move forward with the updated strategy.,0
Let's start the meeting.,0
Today we are discussing deployment pipeline.,1
We reviewed the current progress and identified some issues.,1
I think we should improve the approach and focus on efficiency.,1
"Yes, we need to finalize the plan by this week.",0
We also need to prepare a detailed report.,0
"Agreed, and we should schedule a follow-up meeting.",0
It was decided to move forward with the updated strategy.,0
Let's start the meeting.,0
Today we are discussing deployment pipeline.,1
We reviewed the current progress and identified some issues.,1
I think we should improve the approach and focus on efficiency.,1
"Yes, we need to finalize the plan by this week.",0
We also need to prepare a detailed report.,0
"Agreed, and we should schedule a follow-up meeting.",0
It was decided to move forward with the updated strategy.,0
Let's start the meeting.,0
Today we are discussing market expansion.,1
We reviewed the current progress and identified some issues.,1
I think we should improve the approach and focus on efficiency.,1
"Yes, we need to finalize the plan by this week.",0
We also need to prepare a detailed report.,0
"Agreed, and we should schedule a follow-up meeting.",0
It was decided to move forward with the updated strategy.,0
Let's start the meeting.,0
Today we are discussing bug fixing.,1
We reviewed the current progress and identified some issues.,1
I think we should improve the approach and focus on efficiency.,1
"Yes, we need to finalize the plan by this week.",0
We also need to prepare a detailed report.,0
"Agreed, and we should schedule a follow-up meeting.",0
It was decided to move forward with the updated strategy.,0
Let's start the meeting.,0
Today we are discussing data analysis.,1
We reviewed the current progress and identified some issues.,1
I think we should improve the approach and focus on efficiency.,1
"Yes, we need to finalize the plan by this week.",0
We also need to prepare a detailed report.,0
"Agreed, and we should schedule a follow-up meeting.",0
It was decided to move forward with the updated strategy.,0
Let's start the meeting.,0
Today we are discussing market expansion.,1
We reviewed the current progress and identified some issues.,1
I think we should improve the approach and focus on efficiency.,1
"Yes, we need to finalize the plan by this week.",0
We also need to prepare a detailed report.,0
"Agreed, and we should schedule a follow-up meeting.",0
It was decided to move forward with the updated strategy.,0
Let's start the meeting.,0
Today we are discussing database optimization.,1
We reviewed the current progress and identified some issues.,1
I think we should improve the approach and focus on efficiency.,1
"Yes, we need to finalize the plan by this week.",0
We also need to prepare a detailed report.,0
"Agreed, and we should schedule a follow-up meeting.",0
It was decided to move forward with the updated strategy.,0
Let's start the meeting.,0
Today we are discussing experiment results.,1
We reviewed the current progress and identified some issues.,1
I think we should improve the approach and focus on efficiency.,1
"Yes, we need to finalize the plan by this week.",0
We also need to prepare a detailed report.,0
"Agreed, and we should schedule a follow-up meeting.",0
It was decided to move forward with the updated strategy.,0
Let's start the meeting.,0
Today we are discussing experiment results.,1
We reviewed the current progress and identified some issues.,1
I think we should improve the approach and focus on efficiency.,1
"Yes, we need to finalize the plan by this week.",0
We also need to prepare a detailed report.,0
"Agreed, and we should schedule a follow-up meeting.",0
It was decided to move forward with the updated strategy.,0
Let's start the meeting.,0
Today we are discussing database optimization.,1
We reviewed the current progress and identified some issues.,1
I think we should improve the approach and focus on efficiency.,1
"Yes, we need to finalize the plan by this week.",0
We also need to prepare a detailed report.,0
"Agreed, and we should schedule a follow-up meeting.",0
It was decided to move forward with the updated strategy.,0
Let's start the meeting.,0
Today we are discussing deployment pipeline.,1
We reviewed the current progress and identified some issues.,1
I think we should improve the approach and focus on efficiency.,1
"Yes, we need to finalize the plan by this week.",0
We also need to prepare a detailed report.,0
"Agreed, and we should schedule a follow-up meeting.",0
It was decided to move forward with the updated strategy.,0
Let's start the meeting.,0
Today we are discussing bug fixing.,1
We reviewed the current progress and identified some issues.,1
I think we should improve the approach and focus on efficiency.,1
"Yes, we need to finalize the plan by this week.",0
We also need to prepare a detailed report.,0
"Agreed, and we should schedule a follow-up meeting.",0
It was decided to move forward with the updated strategy.,0
Let's start the meeting.,0
Today we are discussing data analysis.,1
We reviewed the current progress and identified some issues.,1
I think we should improve the approach and focus on efficiency.,1
"Yes, we need to finalize the plan by this week.",0
We also need to prepare a detailed report.,0
"Agreed, and we should schedule a follow-up meeting.",0
It was decided to move forward with the updated strategy.,0
Let's start the meeting.,0
Today we are discussing bug fixing.,1
We reviewed the current progress and identified some issues.,1
I think we should improve the approach and focus on efficiency.,1
"Yes, we need to finalize the plan by this week.",0
We also need to prepare a detailed report.,0
"Agreed, and we should schedule a follow-up meeting.",0
It was decided to move forward with the updated strategy.,0
Let's start the meeting.,0
Today we are discussing bug fixing.,1
We reviewed the current progress and identified some issues.,1
I think we should improve the approach and focus on efficiency.,1
"Yes, we need to finalize the plan by this week.",0
We also need to prepare a detailed report.,0
"Agreed, and we should schedule a follow-up meeting.",0
It was decided to move forward with the updated strategy.,0
Let's start the meeting.,0
Today we are discussing research methodology.,1
We reviewed the current progress and identified some issues.,1
I think we should improve the approach and focus on efficiency.,1
"Yes, we need to finalize the plan by this week.",0
We also need to prepare a detailed report.,0
"Agreed, and we should schedule a follow-up meeting.",0
It was decided to move forward with the updated strategy.,0
Let's start the meeting.,0
Today we are discussing budget planning.,1
We reviewed the current progress and identified some issues.,1
I think we should improve the approach and focus on efficiency.,1
"Yes, we need to finalize the plan by this week.",0
We also need to prepare a detailed report.,0
"Agreed, and we should schedule a follow-up meeting.",0
It was decided to move forward with the updated strategy.,0
Let's start the meeting.,0
Today we are discussing deployment pipeline.,1
We reviewed the current progress and identified some issues.,1
I think we should improve the approach and focus on efficiency.,1
"Yes, we need to finalize the plan by this week.",0
We also need to prepare a detailed report.,0
"Agreed, and we should schedule a follow-up meeting.",0
It was decided to move forward with the updated strategy.,0
Let's start the meeting.,0
Today we are discussing market expansion.,1
We reviewed the current progress and identified some issues.,1
I think we should improve the approach and focus on efficiency.,1
"Yes, we need to finalize the plan by this week.",0
We also need to prepare a detailed report.,0
"Agreed, and we should schedule a follow-up meeting.",0
It was decided to move forward with the updated strategy.,0
Let's start the meeting.,0
Today we are discussing research methodology.,1
We reviewed the current progress and identified some issues.,1
I think we should improve the approach and focus on efficiency.,1
"Yes, we need to finalize the plan by this week.",0
We also need to prepare a detailed report.,0
"Agreed, and we should schedule a follow-up meeting.",0
It was decided to move forward with the updated strategy.,0
Let's start the meeting.,0
Today we are discussing deployment pipeline.,1
We reviewed the current progress and identified some issues.,1
I think we should improve the approach and focus on efficiency.,1
"Yes, we need to finalize the plan by this week.",0
We also need to prepare a detailed report.,0
"Agreed, and we should schedule a follow-up meeting.",0
It was decided to move forward with the updated strategy.,0
Let's start the meeting.,0
Today we are discussing bug fixing.,1
We reviewed the current progress and identified some issues.,1
I think we should improve the approach and focus on efficiency.,1
"Yes, we need to finalize the plan by this week.",0
We also need to prepare a detailed report.,0
"Agreed, and we should schedule a follow-up meeting.",0
It was decided to move forward with the updated strategy.,0
Let's start the meeting.,0
Today we are discussing deployment pipeline.,1
We reviewed the current progress and identified some issues.,1
I think we should improve the approach and focus on efficiency.,1
"Yes, we need to finalize the plan by this week.",0
We also need to prepare a detailed report.,0
"Agreed, and we should schedule a follow-up meeting.",0
It was decided to move forward with the updated strategy.,0
Let's start the meeting.,0
Today we are discussing data analysis.,1
We reviewed the current progress and identified some issues.,1
I think we should improve the approach and focus on efficiency.,1
"Yes, we need to finalize the plan by this week.",0
We also need to prepare a detailed report.,0
"Agreed, and we should schedule a follow-up meeting.",0
It was decided to move forward with the updated strategy.,0
Let's start the meeting.,0
Today we are discussing data analysis.,1
We reviewed the current progress and identified some issues.,1
I think we should improve the approach and focus on efficiency.,1
"Yes, we need to finalize the plan by this week.",0
We also need to prepare a detailed report.,0
"Agreed, and we should schedule a follow-up meeting.",0
It was decided to move forward with the updated strategy.,0
Let's start the meeting.,0
Today we are discussing client acquisition.,1
We reviewed the current progress and identified some issues.,1
I think we should improve the approach and focus on efficiency.,1
"Yes, we need to finalize the plan by this week.",0
We also need to prepare a detailed report.,0
"Agreed, and we should schedule a follow-up meeting.",0
It was decided to move forward with the updated strategy.,0
Let's start the meeting.,0
Today we are discussing bug fixing.,1
We reviewed the current progress and identified some issues.,1
I think we should improve the approach and focus on efficiency.,1
"Yes, we need to finalize the plan by this week.",0
We also need to prepare a detailed report.,0
"Agreed, and we should schedule a follow-up meeting.",0
It was decided to move forward with the updated strategy.,0
Let's start the meeting.,0
Today we are discussing budget planning.,1
We reviewed the current progress and identified some issues.,1
I think we should improve the approach and focus on efficiency.,1
"Yes, we need to finalize the plan by this week.",0
We also need to prepare a detailed report.,0
"Agreed, and we should schedule a follow-up meeting.",0
It was decided to move forward with the updated strategy.,0
Let's start the meeting.,0
Today we are discussing client acquisition.,1
We reviewed the current progress and identified some issues.,1
I think we should improve the approach and focus on efficiency.,1
"Yes, we need to finalize the plan by this week.",0
We also need to prepare a detailed report.,0
"Agreed, and we should schedule a follow-up meeting.",0
It was decided to move forward with the updated strategy.,0
Let's start the meeting.,0
Today we are discussing deployment pipeline.,1
We reviewed the current progress and identified some issues.,1
I think we should improve the approach and focus on efficiency.,1
"Yes, we need to finalize the plan by this week.",0
We also need to prepare a detailed report.,0
"Agreed, and we should schedule a follow-up meeting.",0
It was decided to move forward with the updated strategy.,0
Let's start the meeting.,0
Today we are discussing bug fixing.,1
We reviewed the current progress and identified some issues.,1
I think we should improve the approach and focus on efficiency.,1
"Yes, we need to finalize the plan by this week.",0
We also need to prepare a detailed report.,0
"Agreed, and we should schedule a follow-up meeting.",0
It was decided to move forward with the updated strategy.,0
Let's start the meeting.,0
Today we are discussing market expansion.,1
We reviewed the current progress and identified some issues.,1
I think we should improve the approach and focus on efficiency.,1
"Yes, we need to finalize the plan by this week.",0
We also need to prepare a detailed report.,0
"Agreed, and we should schedule a follow-up meeting.",0
It was decided to move forward with the updated strategy.,0
Let's start the meeting.,0
Today we are discussing market expansion.,1
We reviewed the current progress and identified some issues.,1
I think we should improve the approach and focus on efficiency.,1
"Yes, we need to finalize the plan by this week.",0
We also need to prepare a detailed report.,0
"Agreed, and we should schedule a follow-up meeting.",0
It was decided to move forward with the updated strategy.,0
Let's start the meeting.,0
Today we are discussing client acquisition.,1
We reviewed the current progress and identified some issues.,1
I think we should improve the approach and focus on efficiency.,1
"Yes, we need to finalize the plan by this week.",0
We also need to prepare a detailed report.,0
"Agreed, and we should schedule a follow-up meeting.",0
It was decided to move forward with the updated strategy.,0
Let's start the meeting.,0
Today we are discussing bug fixing.,1
We reviewed the current progress and identified some issues.,1
I think we should improve the approach and focus on efficiency.,1
"Yes, we need to finalize the plan by this week.",0
We also need to prepare a detailed report.,0
"Agreed, and we should schedule a follow-up meeting.",0
It was decided to move forward with the updated strategy.,0
Let's start the meeting.,0
Today we are discussing client acquisition.,1
We reviewed the current progress and identified some issues.,1
I think we should improve the approach and focus on efficiency.,1
"Yes, we need to finalize the plan by this week.",0
We also need to prepare a detailed report.,0
"Agreed, and we should schedule a follow-up meeting.",0
It was decided to move forward with the updated strategy.,0
Let's start the meeting.,0
Today we are discussing market expansion.,1
We reviewed the current progress and identified some issues.,1
I think we should improve the approach and focus on efficiency.,1
"Yes, we need to finalize the plan by this week.",0
We also need to prepare a detailed report.,0
"Agreed, and we should schedule a follow-up meeting.",0
It was decided to move forward with the updated strategy.,0
Let's start the meeting.,0
Today we are discussing budget planning.,1
We reviewed the current progress and identified some issues.,1
I think we should improve the approach and focus on efficiency.,1
"Yes, we need to finalize the plan by this week.",0
We also need to prepare a detailed report.,0
"Agreed, and we should schedule a follow-up meeting.",0
It was decided to move forward with the updated strategy.,0
Let's start the meeting.,0
Today we are discussing research methodology.,1
We reviewed the current progress and identified some issues.,1
I think we should improve the approach and focus on efficiency.,1
"Yes, we need to finalize the plan by this week.",0
We also need to prepare a detailed report.,0
"Agreed, and we should schedule a follow-up meeting.",0
It was decided to move forward with the updated strategy.,0
Let's start the meeting.,0
Today we are discussing market expansion.,1
We reviewed the current progress and identified some issues.,1
I think we should improve the approach and focus on efficiency.,1
"Yes, we need to finalize the plan by this week.",0
We also need to prepare a detailed report.,0
"Agreed, and we should schedule a follow-up meeting.",0
It was decided to move forward with the updated strategy.,0
Let's start the meeting.,0
Today we are discussing paper writing.,1
We reviewed the current progress and identified some issues.,1
I think we should improve the approach and focus on efficiency.,1
"Yes, we need to finalize the plan by this week.",0
We also need to prepare a detailed report.,0
"Agreed, and we should schedule a follow-up meeting.",0
It was decided to move forward with the updated strategy.,0
Let's start the meeting.,0
Today we are discussing data analysis.,1
We reviewed the current progress and identified some issues.,1
I think we should improve the approach and focus on efficiency.,1
"Yes, we need to finalize the plan by this week.",0
We also need to prepare a detailed report.,0
"Agreed, and we should schedule a follow-up meeting.",0
It was decided to move forward with the updated strategy.,0
Let's start the meeting.,0
Today we are discussing bug fixing.,1
We reviewed the current progress and identified some issues.,1
I think we should improve the approach and focus on efficiency.,1
"Yes, we need to finalize the plan by this week.",0
We also need to prepare a detailed report.,0
"Agreed, and we should schedule a follow-up meeting.",0
It was decided to move forward with the updated strategy.,0
Let's start the meeting.,0
Today we are discussing database optimization.,1
We reviewed the current progress and identified some issues.,1
I think we should improve the approach and focus on efficiency.,1
"Yes, we need to finalize the plan by this week.",0
We also need to prepare a detailed report.,0
"Agreed, and we should schedule a follow-up meeting.",0
It was decided to move forward with the updated strategy.,0
Let's start the meeting.,0
Today we are discussing API development.,1
We reviewed the current progress and identified some issues.,1
I think we should improve the approach and focus on efficiency.,1
"Yes, we need to finalize the plan by this week.",0
We also need to prepare a detailed report.,0
"Agreed, and we should schedule a follow-up meeting.",0
It was decided to move forward with the updated strategy.,0
Let's start the meeting.,0
Today we are discussing data analysis.,1
We reviewed the current progress and identified some issues.,1
I think we should improve the approach and focus on efficiency.,1
"Yes, we need to finalize the plan by this week.",0
We also need to prepare a detailed report.,0
"Agreed, and we should schedule a follow-up meeting.",0
It was decided to move forward with the updated strategy.,0
Let's start the meeting.,0
Today we are discussing bug fixing.,1
We reviewed the current progress and identified some issues.,1
I think we should improve the approach and focus on efficiency.,1
"Yes, we need to finalize the plan by this week.",0
We also need to prepare a detailed report.,0
"Agreed, and we should schedule a follow-up meeting.",0
It was decided to move forward with the updated strategy.,0
Let's start the meeting.,0
Today we are discussing API development.,1
We reviewed the current progress and identified some issues.,1
I think we should improve the approach and focus on efficiency.,1
"Yes, we need to finalize the plan by this week.",0
We also need to prepare a detailed report.,0
"Agreed, and we should schedule a follow-up meeting.",0
It was decided to move forward with the updated strategy.,0
Let's start the meeting.,0
Today we are discussing paper writing.,1
We reviewed the current progress and identified some issues.,1
I think we should improve the approach and focus on efficiency.,1
"Yes, we need to finalize the plan by this week.",0
We also need to prepare a detailed report.,0
"Agreed, and we should schedule a follow-up meeting.",0
It was decided to move forward with the updated strategy.,0
Let's start the meeting.,0
Today we are discussing API development.,1
We reviewed the current progress and identified some issues.,1
I think we should improve the approach and focus on efficiency.,1
"Yes, we need to finalize the plan by this week.",0
We also need to prepare a detailed report.,0
"Agreed, and we should schedule a follow-up meeting.",0
It was decided to move forward with the updated strategy.,0
Let's start the meeting.,0
Today we are discussing client acquisition.,1
We reviewed the current progress and identified some issues.,1
I think we should improve the approach and focus on efficiency.,1
"Yes, we need to finalize the plan by this week.",0
We also need to prepare a detailed report.,0
"Agreed, and we should schedule a follow-up meeting.",0
It was decided to move forward with the updated strategy.,0
Let's start the meeting.,0
Today we are discussing deployment pipeline.,1
We reviewed the current progress and identified some issues.,1
I think we should improve the approach and focus on efficiency.,1
"Yes, we need to finalize the plan by this week.",0
We also need to prepare a detailed report.,0
"Agreed, and we should schedule a follow-up meeting.",0
It was decided to move forward with the updated strategy.,0
Let's start the meeting.,0
Today we are discussing research methodology.,1
We reviewed the current progress and identified some issues.,1
I think we should improve the approach and focus on efficiency.,1
"Yes, we need to finalize the plan by this week.",0
We also need to prepare a detailed report.,0
"Agreed, and we should schedule a follow-up meeting.",0
It was decided to move forward with the updated strategy.,0
Let's start the meeting.,0
Today we are discussing API development.,1
We reviewed the current progress and identified some issues.,1
I think we should improve the approach and focus on efficiency.,1
"Yes, we need to finalize the plan by this week.",0
We also need to prepare a detailed report.,0
"Agreed, and we should schedule a follow-up meeting.",0
It was decided to move forward with the updated strategy.,0
Let's start the meeting.,0
Today we are discussing API development.,1
We reviewed the current progress and identified some issues.,1
I think we should improve the approach and focus on efficiency.,1
"Yes, we need to finalize the plan by this week.",0
We also need to prepare a detailed report.,0
"Agreed, and we should schedule a follow-up meeting.",0
It was decided to move forward with the updated strategy.,0
Let's start the meeting.,0
Today we are discussing API development.,1
We reviewed the current progress and identified some issues.,1
I think we should improve the approach and focus on efficiency.,1
"Yes, we need to finalize the plan by this week.",0
We also need to prepare a detailed report.,0
"Agreed, and we should schedule a follow-up meeting.",0
It was decided to move forward with the updated strategy.,0
Let's start the meeting.,0
Today we are discussing paper writing.,1
We reviewed the current progress and identified some issues.,1
I think we should improve the approach and focus on efficiency.,1
"Yes, we need to finalize the plan by this week.",0
We also need to prepare a detailed report.,0
"Agreed, and we should schedule a follow-up meeting.",0
It was decided to move forward with the updated strategy.,0
Let's start the meeting.,0
Today we are discussing sales strategy.,1
We reviewed the current progress and identified some issues.,0
I think we should improve the approach and focus on efficiency.,1
"Yes, we need to finalize the plan by this week.",0
We also need to prepare a detailed report.,0
"Agreed, and we should schedule a follow-up meeting.",0
It was decided to move forward with the updated strategy.,1
Let's start the meeting.,0
Today we are discussing API development.,1
We reviewed the current progress and identified some issues.,1
I think we should improve the approach and focus on efficiency.,1
"Yes, we need to finalize the plan by this week.",0
We also need to prepare a detailed report.,0
"Agreed, and we should schedule a follow-up meeting.",0
It was decided to move forward with the updated strategy.,0
Let's start the meeting.,0
Today we are discussing market expansion.,1
We reviewed the current progress and identified some issues.,1
I think we should improve the approach and focus on efficiency.,1
"Yes, we need to finalize the plan by this week.",0
We also need to prepare a detailed report.,0
"Agreed, and we should schedule a follow-up meeting.",0
It was decided to move forward with the updated strategy.,0
Let's start the meeting.,0
Today we are discussing data analysis.,1
We reviewed the current progress and identified some issues.,1
I think we should improve the approach and focus on efficiency.,1
"Yes, we need to finalize the plan by this week.",0
We also need to prepare a detailed report.,0
"Agreed, and we should schedule a follow-up meeting.",0
It was decided to move forward with the updated strategy.,0
Let's start the meeting.,0
Today we are discussing budget planning.,1
We reviewed the current progress and identified some issues.,1
I think we should improve the approach and focus on efficiency.,1
"Yes, we need to finalize the plan by this week.",0
We also need to prepare a detailed report.,0
"Agreed, and we should schedule a follow-up meeting.",0
It was decided to move forward with the updated strategy.,0
Let's start the meeting.,0
Today we are discussing experiment results.,1
We reviewed the current progress and identified some issues.,1
I think we should improve the approach and focus on efficiency.,1
"Yes, we need to finalize the plan by this week.",0
We also need to prepare a detailed report.,0
"Agreed, and we should schedule a follow-up meeting.",0
It was decided to move forward with the updated strategy.,0
Let's start the meeting.,0
Today we are discussing client acquisition.,1
We reviewed the current progress and identified some issues.,1
I think we should improve the approach and focus on efficiency.,1
"Yes, we need to finalize the plan by this week.",0
We also need to prepare a detailed report.,0
"Agreed, and we should schedule a follow-up meeting.",0
It was decided to move forward with the updated strategy.,0
Let's start the meeting.,0
Today we are discussing client acquisition.,1
We reviewed the current progress and identified some issues.,1
I think we should improve the approach and focus on efficiency.,1
"Yes, we need to finalize the plan by this week.",0
We also need to prepare a detailed report.,0
"Agreed, and we should schedule a follow-up meeting.",0
It was decided to move forward with the updated strategy.,0
Let's start the meeting.,0
Today we are discussing paper writing.,1
We reviewed the current progress and identified some issues.,1
I think we should improve the approach and focus on efficiency.,1
"Yes, we need to finalize the plan by this week.",0
We also need to prepare a detailed report.,0
"Agreed, and we should schedule a follow-up meeting.",0
It was decided to move forward with the updated strategy.,0
Let's start the meeting.,0
Today we are discussing deployment pipeline.,1
We reviewed the current progress and identified some issues.,1
I think we should improve the approach and focus on efficiency.,1
"Yes, we need to finalize the plan by this week.",0
We also need to prepare a detailed report.,0
"Agreed, and we should schedule a follow-up meeting.",0
It was decided to move forward with the updated strategy.,0
Let's start the meeting.,0
Today we are discussing research methodology.,1
We reviewed the current progress and identified some issues.,1
I think we should improve the approach and focus on efficiency.,1
"Yes, we need to finalize the plan by this week.",0
We also need to prepare a detailed report.,0
"Agreed, and we should schedule a follow-up meeting.",0
It was decided to move forward with the updated strategy.,0
Let's start the meeting.,0
Today we are discussing database optimization.,1
We reviewed the current progress and identified some issues.,1
I think we should improve the approach and focus on efficiency.,1
"Yes, we need to finalize the plan by this week.",0
We also need to prepare a detailed report.,0
"Agreed, and we should schedule a follow-up meeting.",0
It was decided to move forward with the updated strategy.,0
Let's start the meeting.,0
Today we are discussing bug fixing.,1
We reviewed the current progress and identified some issues.,1
I think we should improve the approach and focus on efficiency.,1
"Yes, we need to finalize the plan by this week.",0
We also need to prepare a detailed report.,0
"Agreed, and we should schedule a follow-up meeting.",0
It was decided to move forward with the updated strategy.,0
Let's start the meeting.,0
Today we are discussing data analysis.,1
We reviewed the current progress and identified some issues.,1
I think we should improve the approach and focus on efficiency.,1
"Yes, we need to finalize the plan by this week.",0
We also need to prepare a detailed report.,0
"Agreed, and we should schedule a follow-up meeting.",0
It was decided to move forward with the updated strategy.,0
Let's start the meeting.,0
Today we are discussing budget planning.,1
We reviewed the current progress and identified some issues.,1
I think we should improve the approach and focus on efficiency.,1
"Yes, we need to finalize the plan by this week.",0
We also need to prepare a detailed report.,0
"Agreed, and we should schedule a follow-up meeting.",0
It was decided to move forward with the updated strategy.,0
Let's start the meeting.,0
Today we are discussing client acquisition.,1
We reviewed the current progress and identified some issues.,1
I think we should improve the approach and focus on efficiency.,1
"Yes, we need to finalize the plan by this week.",0
We also need to prepare a detailed report.,0
"Agreed, and we should schedule a follow-up meeting.",0
It was decided to move forward with the updated strategy.,0
Let's start the meeting.,0
Today we are discussing paper writing.,1
We reviewed the current progress and identified some issues.,1
I think we should improve the approach and focus on efficiency.,1
"Yes, we need to finalize the plan by this week.",0
We also need to prepare a detailed report.,0
"Agreed, and we should schedule a follow-up meeting.",0
It was decided to move forward with the updated strategy.,0
Let's start the meeting.,0
Today we are discussing bug fixing.,1
We reviewed the current progress and identified some issues.,1
I think we should improve the approach and focus on efficiency.,1
"Yes, we need to finalize the plan by this week.",0
We also need to prepare a detailed report.,0
"Agreed, and we should schedule a follow-up meeting.",0
It was decided to move forward with the updated strategy.,0
Let's start the meeting.,0
Today we are discussing paper writing.,1
We reviewed the current progress and identified some issues.,1
I think we should improve the approach and focus on efficiency.,1
"Yes, we need to finalize the plan by this week.",0
We also need to prepare a detailed report.,0
"Agreed, and we should schedule a follow-up meeting.",0
It was decided to move forward with the updated strategy.,0
Let's start the meeting.,0
Today we are discussing paper writing.,1
We reviewed the current progress and identified some issues.,1
I think we should improve the approach and focus on efficiency.,1
"Yes, we need to finalize the plan by this week.",0
We also need to prepare a detailed report.,0
"Agreed, and we should schedule a follow-up meeting.",0
It was decided to move forward with the updated strategy.,0
Let's start the meeting.,0
Today we are discussing bug fixing.,1
We reviewed the current progress and identified some issues.,1
I think we should improve the approach and focus on efficiency.,1
"Yes, we need to finalize the plan by this week.",0
We also need to prepare a detailed report.,0
"Agreed, and we should schedule a follow-up meeting.",0
It was decided to move forward with the updated strategy.,0
Let's start the meeting.,0
Today we are discussing deployment pipeline.,1
We reviewed the current progress and identified some issues.,1
I think we should improve the approach and focus on efficiency.,1
"Yes, we need to finalize the plan by this week.",0
We also need to prepare a detailed report.,0
"Agreed, and we should schedule a follow-up meeting.",0
It was decided to move forward with the updated strategy.,0
Let's start the meeting.,0
Today we are discussing bug fixing.,1
We reviewed the current progress and identified some issues.,1
I think we should improve the approach and focus on efficiency.,1
"Yes, we need to finalize the plan by this week.",0
We also need to prepare a detailed report.,0
"Agreed, and we should schedule a follow-up meeting.",0
It was decided to move forward with the updated strategy.,0
Let's start the meeting.,0
Today we are discussing database optimization.,1
We reviewed the current progress and identified some issues.,1
I think we should improve the approach and focus on efficiency.,1
"Yes, we need to finalize the plan by this week.",0
We also need to prepare a detailed report.,0
"Agreed, and we should schedule a follow-up meeting.",0
It was decided to move forward with the updated strategy.,0
Let's start the meeting.,0
Today we are discussing client acquisition.,1
We reviewed the current progress and identified some issues.,1
I think we should improve the approach and focus on efficiency.,1
"Yes, we need to finalize the plan by this week.",0
We also need to prepare a detailed report.,0
"Agreed, and we should schedule a follow-up meeting.",0
It was decided to move forward with the updated strategy.,0
Let's start the meeting.,0
Today we are discussing research methodology.,1
We reviewed the current progress and identified some issues.,1
I think we should improve the approach and focus on efficiency.,1
"Yes, we need to finalize the plan by this week.",0
We also need to prepare a detailed report.,0
"Agreed, and we should schedule a follow-up meeting.",0
It was decided to move forward with the updated strategy.,0
Let's start the meeting.,0
Today we are discussing API development.,1
We reviewed the current progress and identified some issues.,1
I think we should improve the approach and focus on efficiency.,1
"Yes, we need to finalize the plan by this week.",0
We also need to prepare a detailed report.,0
"Agreed, and we should schedule a follow-up meeting.",0
It was decided to move forward with the updated strategy.,0
Let's start the meeting.,0
Today we are discussing bug fixing.,1
We reviewed the current progress and identified some issues.,1
I think we should improve the approach and focus on efficiency.,1
"Yes, we need to finalize the plan by this week.",0
We also need to prepare a detailed report.,0
"Agreed, and we should schedule a follow-up meeting.",0
It was decided to move forward with the updated strategy.,0
Let's start the meeting.,0
Today we are discussing API development.,1
We reviewed the current progress and identified some issues.,1
I think we should improve the approach and focus on efficiency.,1
"Yes, we need to finalize the plan by this week.",0
We also need to prepare a detailed report.,0
"Agreed, and we should schedule a follow-up meeting.",0
It was decided to move forward with the updated strategy.,0
Let's start the meeting.,0
Today we are discussing database optimization.,1
We reviewed the current progress and identified some issues.,1
I think we should improve the approach and focus on efficiency.,1
"Yes, we need to finalize the plan by this week.",0
We also need to prepare a detailed report.,0
"Agreed, and we should schedule a follow-up meeting.",0
It was decided to move forward with the updated strategy.,0
Let's start the meeting.,0
Today we are discussing budget planning.,1
We reviewed the current progress and identified some issues.,1
I think we should improve the approach and focus on efficiency.,1
"Yes, we need to finalize the plan by this week.",0
We also need to prepare a detailed report.,0
"Agreed, and we should schedule a follow-up meeting.",0
It was decided to move forward with the updated strategy.,0
Let's start the meeting.,0
Today we are discussing API development.,1
We reviewed the current progress and identified some issues.,1
I think we should improve the approach and focus on efficiency.,1
"Yes, we need to finalize the plan by this week.",0
We also need to prepare a detailed report.,0
"Agreed, and we should schedule a follow-up meeting.",0
It was decided to move forward with the updated strategy.,0
Let's start the meeting.,0
Today we are discussing research methodology.,1
We reviewed the current progress and identified some issues.,1
I think we should improve the approach and focus on efficiency.,1
"Yes, we need to finalize the plan by this week.",0
We also need to prepare a detailed report.,0
"Agreed, and we should schedule a follow-up meeting.",0
It was decided to move forward with the updated strategy.,0
Let's start the meeting.,0
Today we are discussing research methodology.,1
We reviewed the current progress and identified some issues.,1
I think we should improve the approach and focus on efficiency.,1
"Yes, we need to finalize the plan by this week.",0
We also need to prepare a detailed report.,0
"Agreed, and we should schedule a follow-up meeting.",0
It was decided to move forward with the updated strategy.,0
Let's start the meeting.,0
Today we are discussing experiment results.,1
We reviewed the current progress and identified some issues.,1
I think we should improve the approach and focus on efficiency.,1
"Yes, we need to finalize the plan by this week.",0
We also need to prepare a detailed report.,0
"Agreed, and we should schedule a follow-up meeting.",0
It was decided to move forward with the updated strategy.,0
Let's start the meeting.,0
Today we are discussing sales strategy.,1
We reviewed the current progress and identified some issues.,0
I think we should improve the approach and focus on efficiency.,1
"Yes, we need to finalize the plan by this week.",0
We also need to prepare a detailed report.,0
"Agreed, and we should schedule a follow-up meeting.",0
It was decided to move forward with the updated strategy.,1
Let's start the meeting.,0
Today we are discussing market expansion.,1
We reviewed the current progress and identified some issues.,1
I think we should improve the approach and focus on efficiency.,1
"Yes, we need to finalize the plan by this week.",0
We also need to prepare a detailed report.,0
"Agreed, and we should schedule a follow-up meeting.",0
It was decided to move forward with the updated strategy.,0
Let's start the meeting.,0
Today we are discussing data analysis.,1
We reviewed the current progress and identified some issues.,1
I think we should improve the approach and focus on efficiency.,1
"Yes, we need to finalize the plan by this week.",0
We also need to prepare a detailed report.,0
"Agreed, and we should schedule a follow-up meeting.",0
It was decided to move forward with the updated strategy.,0
Let's start the meeting.,0
Today we are discussing data analysis.,1
We reviewed the current progress and identified some issues.,1
I think we should improve the approach and focus on efficiency.,1
"Yes, we need to finalize the plan by this week.",0
We also need to prepare a detailed report.,0
"Agreed, and we should schedule a follow-up meeting.",0
It was decided to move forward with the updated strategy.,0
Let's start the meeting.,0
Today we are discussing paper writing.,1
We reviewed the current progress and identified some issues.,1
I think we should improve the approach and focus on efficiency.,1
"Yes, we need to finalize the plan by this week.",0
We also need to prepare a detailed report.,0
"Agreed, and we should schedule a follow-up meeting.",0
It was decided to move forward with the updated strategy.,0
Let's start the meeting.,0
Today we are discussing research methodology.,1
We reviewed the current progress and identified some issues.,1
I think we should improve the approach and focus on efficiency.,1
"Yes, we need to finalize the plan by this week.",0
We also need to prepare a detailed report.,0
"Agreed, and we should schedule a follow-up meeting.",0
It was decided to move forward with the updated strategy.,0
Let's start the meeting.,0
Today we are discussing paper writing.,1
We reviewed the current progress and identified some issues.,1
I think we should improve the approach and focus on efficiency.,1
"Yes, we need to finalize the plan by this week.",0
We also need to prepare a detailed report.,0
"Agreed, and we should schedule a follow-up meeting.",0
It was decided to move forward with the updated strategy.,0
Let's start the meeting.,0
Today we are discussing data analysis.,1
We reviewed the current progress and identified some issues.,1
I think we should improve the approach and focus on efficiency.,1
"Yes, we need to finalize the plan by this week.",0
We also need to prepare a detailed report.,0
"Agreed, and we should schedule a follow-up meeting.",0
It was decided to move forward with the updated strategy.,0
Let's start the meeting.,0
Today we are discussing API development.,1
We reviewed the current progress and identified some issues.,1
I think we should improve the approach and focus on efficiency.,1
"Yes, we need to finalize the plan by this week.",0
We also need to prepare a detailed report.,0
"Agreed, and we should schedule a follow-up meeting.",0
It was decided to move forward with the updated strategy.,0
Let's start the meeting.,0
Today we are discussing deployment pipeline.,1
We reviewed the current progress and identified some issues.,1
I think we should improve the approach and focus on efficiency.,1
"Yes, we need to finalize the plan by this week.",0
We also need to prepare a detailed report.,0
"Agreed, and we should schedule a follow-up meeting.",0
It was decided to move forward with the updated strategy.,0
Let's start the meeting.,0
Today we are discussing budget planning.,1
We reviewed the current progress and identified some issues.,1
I think we should improve the approach and focus on efficiency.,1
"Yes, we need to finalize the plan by this week.",0
We also need to prepare a detailed report.,0
"Agreed, and we should schedule a follow-up meeting.",0
It was decided to move forward with the updated strategy.,0
Let's start the meeting.,0
Today we are discussing API development.,1
We reviewed the current progress and identified some issues.,1
I think we should improve the approach and focus on efficiency.,1
"Yes, we need to finalize the plan by this week.",0
We also need to prepare a detailed report.,0
"Agreed, and we should schedule a follow-up meeting.",0
It was decided to move forward with the updated strategy.,0
Let's start the meeting.,0
Today we are discussing deployment pipeline.,1
We reviewed the current progress and identified some issues.,1
I think we should improve the approach and focus on efficiency.,1
"Yes, we need to finalize the plan by this week.",0
We also need to prepare a detailed report.,0
"Agreed, and we should schedule a follow-up meeting.",0
It was decided to move forward with the updated strategy.,0
Let's start the meeting.,0
Today we are discussing client acquisition.,1
We reviewed the current progress and identified some issues.,1
I think we should improve the approach and focus on efficiency.,1
"Yes, we need to finalize the plan by this week.",0
We also need to prepare a detailed report.,0
"Agreed, and we should schedule a follow-up meeting.",0
It was decided to move forward with the updated strategy.,0
Let's start the meeting.,0
Today we are discussing market expansion.,1
We reviewed the current progress and identified some issues.,1
I think we should improve the approach and focus on efficiency.,1
"Yes, we need to finalize the plan by this week.",0
We also need to prepare a detailed report.,0
"Agreed, and we should schedule a follow-up meeting.",0
It was decided to move forward with the updated strategy.,0
"Sarah (VP Sales): Alright everyone, let's get into Q2 numbers.",0
"We closed at 4.1 million, which is 87% of our 4.7 million target.",1
"Marcus, walk us through the East region.",0
Marcus (East Region Manager): Sure.,0
"East came in at 1.6M, slightly under our 1.8M target.",0
The healthcare vertical held strong — we closed Medivance and two mid-market deals.,0
Where we struggled was financial services.,1
Three deals pushed to Q3.,0
Sarah: What's the blocker on financial services?,0
Marcus: Procurement cycles.,0
Two deals are stuck in legal review.,0
We're talking 45 to 60 day delays.,0
Linda (West Region Manager): West had a similar pattern.,0
We hit 1.5M against a 1.6M target.,0
Our tech vertical is strong — seven new logos.,0
But we lost two deals to Salesforce on price.,0
Sarah: Did we engage our competitive pricing desk?,0
"Linda: We did, but the discount approval took 11 days.",0
By then the prospect had signed elsewhere.,0
Derek (Sales Ops): I've flagged the approval SLA issue twice this quarter.,0
We need to get that down to 48 hours max.,0
Sarah: Agreed.,0
That's a process change we need to escalate to the CFO.,0
What's the Q3 pipeline looking like?,0
Marcus: East is sitting at 6.2M in pipeline.,0
I feel confident about 2.1M of that.,0
Linda: West has 5.8M pipeline.,0
Realistic close is around 1.9M.,0
Derek: Combined that's about 4M projected against a 5.2M Q3 target.,1
We have a gap to cover.,0
Sarah: We need to talk about how we're going to bridge that.,0
I want each region to identify two strategic accounts they can accelerate.,0
"Derek, can you model two scenarios — one with the current team, one assuming we hire two more AEs by August?",0
Derek: I can have that by Thursday.,0
Sarah: Good.,0
"Linda, let's also get a debrief on the Salesforce losses — I want a win-loss analysis by end of week.",0
We need to understand if this is a pricing issue or a product gap.,0
Linda: Will do.,0
Sarah: Last thing — we're moving to weekly pipeline reviews for Q3.,0
"Mondays, 9am.",0
I need deals over 50K flagged 48 hours before they're expected to close.,0
Chair (Patricia Wells): I'm calling the meeting to order.,0
We have a quorum with seven of nine directors present.,0
First item — approval of last quarter's minutes.,0
Any objections?,0
"Good, minutes are approved.",0
Let's move to the CEO's report.,0
CEO (James Okafor): Thank you Patricia.,0
"FY2024 revenue came in at 38.2 million, up 22% year over year.",0
Net margins improved to 11.4%.,0
We added 140 employees and expanded to two new regions.,0
"The highlights — our enterprise segment grew 41%, and we renewed 94% of annual contracts.",0
Board Member (Raj Mehta): What's driving the churn in the remaining 6%?,0
James: Two customers in the retail vertical experienced budget cuts.,0
One competitor win we're analyzing.,0
Nothing technicalic.,0
Patricia: The audit committee met last Tuesday.,0
Our external auditors Deloitte completed the review with no material findings.,0
They flagged one control weakness in our third-party vendor access management — we've already initiated remediation.,1
Board Member (Helen Torres): On the equity plan — I reviewed the proposed option pool expansion.,1
Going from 12% to 15% dilutes existing shareholders.,0
I'd like more detail on the retention rationale before I vote.,0
James: We can share the benchmarking data.,1
We're below market at the director and VP levels.,0
We lost two senior engineers to Meta last quarter partly over equity.,0
Board Member (Carl Steinberg): I support the expansion but want to see vesting cliff extended to 18 months rather than 12.,0
James: That's a reasonable ask.,0
We can work with that.,0
Patricia: We'll table the equity vote until the benchmarking data is circulated.,0
Let's move to the acquisition proposal.,0
"CFO, over to you.",0
CFO (Yuki Tanaka): The board package covers the Nexaflow acquisition.,0
Purchase price is 14 million.,0
Adds 180K ARR and their API middleware product.,0
Strategic fit is strong — fills a gap in our integration layer.,0
We'd fund it with a mix of cash and a 6M note.,0
Raj: What's the integration timeline?,0
"Yuki: 90 days to product integration, 6 months to full team integration.",0
Patricia: We'll vote on the acquisition after due diligence is completed.,0
Target close date?,0
Yuki: End of Q1 next year.,0
Patricia: Any other business?,0
"Alright, next board meeting is March 14th.",0
Meeting adjourned.,0
Tom (BD Director): Thanks for joining.,0
"On our side we have myself, our legal lead Nina, and product head Chris.",0
We're excited about the potential here.,0
Alex (Veridian VP): Happy to be here.,0
"We've got myself, procurement lead Dana, and our CTO Ravi.",0
"Tom: So at a high level, we're proposing a three-year OEM agreement where Veridian embeds our analytics engine into your platform.",1
We'd handle the infrastructure and you'd white-label the output.,0
Ravi: The technical model works for us.,0
Our concern is SLA guarantees.,0
We need 99.9% uptime or this doesn't fly with our enterprise customers.,0
Chris: We're currently at 99.94% measured over the last 18 months.,0
We can put 99.9% in the contract.,0
Dana: What are the remedies if you breach SLA?,0
Nina: We'd offer service credits — 10% of monthly fees per 0.1% below threshold.,0
Dana: We'd want that uncapped up to one full month's fee.,0
Nina: We can discuss that.,0
We'd also want a 30-day cure period before any termination right kicks in.,0
Alex: That's reasonable.,0
On pricing — you proposed 200K annually.,1
Our budget ceiling for year one is 150K.,0
Tom: That's a significant gap.,0
The 200K reflects infrastructure costs plus a margin.,0
Could you flex to 170K if we extend the commitment to four years?,0
Alex: Four years is a big ask.,0
We could do three years at 160K with a 5% escalator annually.,0
Tom: Let me take that back internally.,0
I think we can get close.,0
What about the data handling terms?,1
That's been a sticking point in other deals.,0
Nina: We process but don't retain your customer data beyond 30 days.,0
We're SOC 2 Type II certified.,0
Ravi: We'd want a data processing addendum and the right to audit annually.,0
Nina: Annual audit rights are fine.,0
We'd want 30 days notice and reasonable scope limitation.,0
Tom: I think we're in a good place here.,0
Let's plan a follow-up in two weeks.,0
Nina and Dana can trade redlines on the DPA and SLA terms.,0
We'll come back with a revised pricing proposal.,0
Alex: Works for us.,0
"Ravi, can you get Chris your technical specs by end of week so we can finalize the integration architecture?",0
Ravi: Absolutely.,0
CEO (Miriam Chase): Let's run through OKRs quickly.,0
We're at week 8 of Q3.,0
Where are we red?,0
CTO (Ben Adler): Engineering is yellow on the platform migration.,1
We're two sprints behind.,0
The main risk is the data layer refactor — we underestimated complexity.,0
Miriam: What do we need to get back to green?,0
Ben: One more senior engineer on the data team for six weeks.,0
We've got a contractor in mind — 180 per day.,0
CFO (Priya Nair): I can approve that if it prevents a Q4 slip.,0
What's the cost of a six-week delay?,1
Ben: Conservatively 400K in delayed enterprise features.,0
Priya: Then 50K for the contractor is an easy call.,0
Miriam: Approved.,0
"Priya, how are we tracking on cash?",0
Priya: We're at 8.2M runway.,0
Burn rate is up slightly — 1.1M last month versus 950K average.,0
New hires and the office lease expansion.,0
Miriam: Still comfortable but let's watch it.,0
What's the sales update?,0
CSO (Darnell King): Pipeline is solid — 12M for Q3.,0
Two deals over 500K are in legal.,0
Forecast says we close 70% of that this quarter.,0
Miriam: Good.,0
"Darnell, the Apex account renewal — where does that stand?",0
Darnell: Legal review is done on their side.,0
Expecting signatures this week.,0
That's 420K ARR.,1
Miriam: Critical.,0
Let's make sure nothing blocks that.,0
People update — Emma?,0
CHRO (Emma Shields): We have 14 open reqs.,0
Offer accepted for the VP of Data Science — she starts September 1st.,0
Still struggling on senior engineers — market is tight.,0
Miriam: Can we look at a referral bonus increase?,0
Double it to 4K?,0
Emma: I'll model the cost and bring a proposal Thursday.,0
Miriam: Good.,0
Final item — the all-hands is October 3rd.,0
Everyone should have talking points to me by September 26th.,0
Any blockers?,0
See you next week.,0
Account Manager (Lisa Park): Thank you all for joining on short notice.,0
"RetailCore, we understand there are serious concerns and we're committed to resolving this today.",0
Client VP (Gary Tran): Serious is an understatement.,0
We've had four outages in six weeks.,0
Our Black Friday prep is in jeopardy.,0
I have my CEO asking me daily why we're still on your platform.,0
"CSM (Rachel Moore): Gary, I completely understand the frustration and I want to apologize on behalf of the company.",0
The engineering team is on the call to give you a direct answer.,0
Engineer (Kevin Osei): The root cause of the last three outages was a memory leak introduced in the 4.2 release on August 8th.,0
We identified it on the 19th and deployed a patch on the 23rd.,0
The fourth outage August 28th was unrelated — a third-party CDN failure.,0
Gary: Why did it take 11 days to find the leak?,0
Kevin: Our monitoring wasn't catching the slow accumulation.,0
We've since added heap memory alerts.,0
It won't recur.,0
Gary: I want that in writing.,0
What are you offering us for the impact we've experienced?,0
"Lisa: We're prepared to offer three months of service credits — that's approximately 45,000 dollars — and a dedicated support engineer for 90 days.",1
Gary: Our downtime cost us an estimated 200K in lost sales.,0
Three months credit isn't enough.,0
Lisa: I hear you.,0
"I can escalate to authorize an additional two months credit, bringing it to 75K total.",0
And I'm committing to a weekly executive check-in through the end of the year.,1
Gary: Add a guaranteed 99.95% SLA for the next 12 months with financial penalties and we have a deal.,1
Lisa: I need to confirm the SLA terms with our VP but I'm confident we can agree to that structure.,0
Can we get you a formal proposal by Friday?,0
Gary: Friday works.,0
But I need the patch confirmation and root cause report today.,0
Kevin: I'll have that to you within the hour.,0
Strategy Lead (Diana Ng): We're here to decide on the Southeast Asia entry approach.,0
"We've narrowed to three markets: Singapore, Indonesia, Vietnam.",1
Let me walk through each.,0
CEO (Frank Osei): Go ahead.,0
"Diana: Singapore is low risk, high cost, smaller TAM — about 180M.",0
"But it's a natural beachhead, strong regulatory environment, English speaking.",0
VP Sales (Marcus Lee): Singapore is also where most regional HQs are.,0
It's a relationship play.,0
"Diana: Indonesia is the prize — 450M TAM, fastest growing SaaS market in SEA.",0
"But regulatory complexity is high, localization requirements are significant, and we'd need a local entity.",0
CFO (Janet Chu): What's the incorporation timeline for Indonesia?,0
"Diana: Six to nine months, and we'd likely need a local partner or distributor.",0
Frank: What's the Vietnam case?,0
"Diana: Vietnam is mid-range — 220M TAM, lower competition, strong government ties needed.",0
Tech adoption is accelerating but the sales cycle is longer.,0
"Marcus: My read — start in Singapore, use it as a hub to sell into regional HQs, then use that revenue to fund the Indonesia move in 18 months.",0
Janet: That phased approach makes the most financial sense.,0
Singapore entry is 800K — mostly headcount and office.,1
Indonesia would be 2.2M all-in with entity setup.,0
Frank: What's our break-even in Singapore?,0
"Diana: 14 months at a 600K ARR run rate, which is achievable in year one based on our pipeline conversations.",0
Frank: I like the phased approach.,0
"Let's go Singapore first, 12 month evaluation, Indonesia decision in month 10.",1
Marcus: I can start hiring a Singapore country manager now.,0
I have two strong candidates.,0
Diana: I'd also recommend a legal and compliance review in parallel — we don't want incorporation surprises.,0
Frank: Agreed.,0
"Diana, can you own the market entry plan and have a draft to the board by October 15th?",0
"Diana: Yes, I'll have it ready.",0
Scrum Master (Anna Berg): Let's start with what went well.,0
Use the board — add your stickies.,0
Dev (Jerome Hill): The new CI pipeline is working great.,0
Builds that took 18 minutes are down to 6.,0
Dev (Priya Kaur): We finally resolved the flaky tests that were blocking PRs.,0
That was a two-sprint pain point.,0
Anna: Good.,0
What didn't go well?,0
Jerome: We pulled in three unplanned tickets mid-sprint.,0
That killed our velocity — we committed to 42 points and delivered 31.,1
Dev (Sam Torres): The unplanned work was the production hot fix for the auth bug.,1
"Necessary, but it wasn't scoped.",0
Anna: How do we prevent that from disrupting sprint commitments?,0
Jerome: We need a dedicated hot fix budget — maybe reserve 15% of capacity each sprint.,0
Priya: I'd also push for a stronger definition of done.,0
Two tickets got marked done but QA bounced them back.,0
Sam: The QA handoff process is unclear.,0
We need a checklist before any ticket moves to review.,0
Anna: Agreed.,0
Let's add that to our working agreement.,0
What are we going to try differently?,0
Jerome: Fifteen percent capacity reserved for unplanned work.,1
Priya: PR checklist for QA — I can draft that by Wednesday.,0
"Sam: Also, let's do a mid-sprint check-in on Thursday instead of just end-of-sprint.",0
We'd catch scope creep earlier.,0
Anna: I like that.,0
One more — our retrospective timing.,0
Running 90 minutes is too long.,0
Let's cap at 60.,0
Jerome: Agreed.,0
The last 30 minutes were repetitive.,0
Anna: Action items: Priya drafts QA checklist by Wednesday.,0
Jerome writes the capacity reservation policy.,0
I'll add mid-sprint check-in to Thursday recurring.,0
Velocity target for Sprint 25 is 38 points — realistic given the holidays.,0
Any blockers to call out for Sprint 25?,0
Sam: I need access to the staging environment credentials.,0
They rotated and I haven't received the updated ones.,0
Anna: I'll ping DevOps now.,0
Anything else?,0
"Alright, good retro.",0
Principal Engineer (Dave Kim): We're here to finalize the architecture for breaking apart the monolith.,0
I've shared the RFC — let's walk through the decisions we still need to make.,0
Eng Manager (Sophie Clark): The biggest one is service boundaries.,1
"Dave, what's your proposal?",0
"Dave: I'm recommending we split along domain lines: auth, billing, notifications, and core product.",0
Not by technical layer.,0
Senior Dev (Raj Patel): I agree with domain-driven design.,0
Auth and billing are clear.,1
But core product is still too broad — that's 60% of the codebase.,0
Dave: Fair.,0
We can split core into workflow and data-access as a second phase.,0
Sophie: What's the inter-service communication strategy?,0
"Dave: Synchronous REST for request-response calls, async messaging via Kafka for events.",0
We already have Kafka in our stack.,0
Raj: What about service discovery?,0
Dave: Kubernetes with internal DNS.,0
We're already running K8s so that's a natural fit.,0
Dev (Maria Santos): Data is my concern.,0
Right now everything shares one Postgres database.,0
How do we handle that?,0
Dave: Each service owns its data.,0
"We migrate using the strangler fig pattern — new services get new tables, old monolith tables are deprecated over time.",1
Maria: That means we'll have a transition period with dual-write logic.,0
That's complex.,0
Dave: It is.,0
"That's why I'm proposing we start with notifications — it's the most decoupled service, low risk, good learning opportunity.",0
Sophie: Timeline?,0
Dave: Notifications extracted by end of Q4.,0
Auth by end of Q1 next year.,0
Billing is the most complex — Q2 at the earliest.,0
Sophie: We need to share this with the product team.,0
Feature development can't stall for 12 months while we migrate.,0
Dave: Agreed.,0
We'll maintain the monolith in parallel.,0
"Any new features go into the monolith until a service is live, then into the service.",0
Raj: We need an ADR logged for each decision.,0
I'll take the communication strategy and data ownership decisions.,0
Dave: I'll log the service boundary decisions.,0
"Sophie, can you own the migration sequencing ADR?",0
Sophie: Yes.,0
Let's target having all ADRs done by next Friday and present to the team the week after.,0
Incident Commander (Leo Marsh): Let's get into the post-mortem.,0
The incident started at 14:32 UTC and was resolved at 16:47 UTC — 135 minutes of degraded service.,0
Let's walk the timeline.,0
On-Call Engineer (Tina Wu): I got paged at 14:35.,0
Error rates on the API jumped from 0.2% to 47% in under a minute.,0
First hypothesis was a bad deploy — we'd shipped a minor release at 14:15.,0
Dev (Carlos Reyes): I rolled back the release at 14:48.,0
Error rates didn't improve.,0
That ruled out the deploy.,0
Tina: At 15:02 we started looking at the database.,0
Connection pool was at 100%.,0
New connections were being refused.,0
DBA (Frank Osei): I checked slow query logs.,0
A reporting query that normally runs in 200ms was taking 45 seconds and spawning locks that blocked everything downstream.,0
Leo: What triggered the slow query?,0
Frank: A missing index.,0
Someone ran an ad-hoc analytics query against production that did a full table scan on a 380 million row table.,1
Carlos: That query was run by the data team — they were pulling a custom report for a board presentation.,0
Dev (Nadia Chen): Why did they have production access for analytics queries?,0
Frank: They've had it for 18 months.,0
It's never caused an issue before.,0
"Leo: Okay, five-why analysis — root cause is: production database access granted to non-engineering teams without query safeguards.",1
"Contributing factors: no query timeout limits, no read replica routing for analytics queries.",1
"Tina: Three immediate actions: revoke production access for the data team, route analytics to read replica, add 10-second query timeout on production.",0
"Frank: I also want to add automatic index recommendations from PGAnalyze — we have the tool, we're not using it.",0
Who owns each action?,0
Frank: I'll own the read replica routing and PGAnalyze setup — done by end of week.,0
Tina: I'll handle the access revocation and timeout config today.,0
Carlos: I'll write the runbook update for connection pool saturation.,0
Leo: Last thing — MTTR is 135 minutes.,0
Our target is 30.,0
Let's talk about improving our alert escalation.,0
Paging me 15 minutes in instead of 3 minutes cost us time.,0
API Lead (Sandra Ho): We're designing the v1 public API.,0
"Key decisions today: versioning strategy, auth model, rate limiting, and error format.",1
Let's start with versioning.,0
"Senior Dev (Pete Morgan): I strongly prefer URL versioning — /v1/, /v2/.",0
"It's explicit, easy to test, no magic.",0
Dev (Laila Hassan): Header versioning is cleaner — keeps URLs stable.,0
Accept: application/vnd.company.v2+json.,0
Sandra: What do our top three competitors do?,0
Pete: Stripe uses URL versioning.,0
Twilio uses URL.,0
GitHub uses header.,0
Laila: Stripe is the gold standard for developer experience.,0
I'd follow them.,0
Sandra: URL versioning it is.,0
Auth model?,0
"Pete: API keys for server-to-server, OAuth 2.0 with PKCE for user-delegated access.",0
Dev (Omar Javed): Are we supporting both from day one or phasing?,0
"Sandra: API keys at launch, OAuth in the first major update.",0
Too much complexity to ship both simultaneously.,0
Omar: Rate limiting — what's the model?,0
"Sandra: Token bucket, per API key.",1
"Burst of 100 requests, sustained at 30 per second.",0
Headers to communicate remaining quota.,0
"Pete: RateLimit-Remaining, RateLimit-Reset.",0
Laila: Error format — I'm proposing RFC 7807 Problem Details.,1
It's become a de facto standard.,0
Sandra: Example?,0
"Laila: JSON with type, title, status, detail, instance.",0
Machine-readable and human-readable.,0
Pete: I've seen developers rely on HTTP status codes and ignore error bodies.,0
Let's make sure the detail field is always actionable.,0
Omar: What about pagination?,0
Cursor-based or offset?,0
Sandra: Cursor-based.,0
It handles real-time data correctly and doesn't break on inserts.,0
Omar: Agreed.,0
And we should include next_cursor and has_more in every paginated response.,0
Sandra: Let's set a docs-first policy — every endpoint gets OpenAPI spec before any implementation starts.,0
"Pete, can you set up the Swagger scaffold this week?",0
Pete: Done by Wednesday.,0
"Sandra: Laila, can you draft the error handling guidelines doc?",0
Laila: I'll have a draft by end of week.,0
Engineering Manager (Cara Ellis): We've got 47 items on the tech debt backlog.,0
We're not going to fix all of them.,0
We need a framework to decide what to tackle in Q4.,0
I'm proposing we use a simple impact-effort matrix.,1
Senior Dev (Arjun Mehta): Good framework.,0
Let me call out the ones I think are urgent.,0
Arjun: The logging infrastructure is my top pick.,0
We're using a custom home-grown solution that breaks every time we scale.,0
Moving to structured logging with DataDog would save us 3-4 hours per incident.,0
Dev (Kelsey Brown): Authentication middleware is mine.,0
It's spaghetti code from 2019.,0
Every new feature that touches auth takes twice as long to build safely.,0
Dev (Nils Hansen): Database connection pooling.,0
We're manually managing connections in 14 different places.,0
PgBouncer would centralize that and prevent the kind of outage we had in August.,0
Cara: So we have three strong candidates.,0
Let's score them.,0
"Arjun, logging — impact on delivery speed?",0
Arjun: High.,0
And incident resolution.,0
I'd say 8 out of 10.,0
Cara: Effort?,0
Arjun: Medium.,0
Three weeks with one engineer.,0
5 out of 10.,0
"Cara: Kelsey, auth middleware?",0
Kelsey: Impact is very high — everything touches auth.,0
9 out of 10.,0
Effort is also high — it's a risky refactor.,0
8 out of 10.,0
"Nils: PgBouncer — impact high, prevents outages like August.",0
8 out of 10.,0
Effort low — three days.,0
2 out of 10.,0
"Cara: So by impact-effort, PgBouncer wins hands down.",1
Logging is second.,0
Auth middleware has too much risk for Q4 with the product launches.,0
Arjun: Agreed on pushing auth to Q1.,0
But let's at least write the test coverage for it now so a refactor is safer later.,0
Cara: Good idea.,0
"Nils, can you own the PgBouncer work?",0
"Nils: Yes, I can start Monday.",0
Kelsey: I'll write the auth middleware tests — target is 80% coverage by end of Q4.,0
Arjun: I'll handle the DataDog structured logging migration.,1
"Cara: Let's block time this week to clear the remaining 44 items — triage to fix, monitor, or close.",0
Hiring Manager (Dana Fox): We interviewed three candidates for the Senior Software Engineer role.,0
Let's debrief.,0
We'll go through each and then vote.,0
"First — Candidate A, Michael Torres.",1
Interviewer 1 (Raj Singh): Strong technical design.,0
His distributed caching solution was elegant.,0
"Coding round was solid — not the fastest but clean, well-commented code.",0
Interviewer 2 (Kim Park): I had concerns on communication.,0
During the architecture discussion he struggled to explain trade-offs in plain language.,0
That's important for a senior role.,0
Dana: Noted.,0
"On a scale of 1-5, hire signal?",0
Interviewer 3 (Tom Bell): 4.,0
"I thought the communication issue was nerves, not a pattern.",0
Dana: Average 3.7.,0
Candidate B — Anita Sharma.,1
Raj: Coding was exceptional.,0
She caught an edge case none of us noticed in the problem setup.,0
Kim: technical design was good but she over-engineered the solution — added components we'd never need at our scale.,0
Tom: I talked to her about past team conflicts — her answers were thoughtful and self-aware.,0
Good culture signal.,0
Dana: Signals?,0
Dana: Average 4.3 — strong hire signal.,0
Candidate C — David Chen.,1
"Kim: Honestly, this was a miss for me.",0
The coding round had two significant bugs he didn't catch in review time.,0
technical design was conceptually sound but vague on details.,0
Raj: His background is impressive on paper but the technical execution didn't match.,0
Tom: Same read.,0
"He's probably a strong mid-level engineer, not a senior.",0
Dana: Signals?,0
Dana: Average 2.3 — no hire.,0
So we're looking at Anita as the clear top candidate.,0
Michael as a possible second offer if Anita declines.,0
"I'll put the offer to Anita today — 180K base, level L5.",0
Kim: What's our window before Michael walks?,0
Dana: He mentioned he has another offer in two weeks.,0
Dana: I'll move fast.,0
Anita decision by Thursday.,0
CHRO (Monica Green): Welcome to calibration.,0
We have 48 employees across product and engineering to calibrate today.,1
Let's go through each rating band and make sure we're consistent.,0
"Remind everyone — ratings are Exceeds, Meets, Developing, and Underperforming.",1
Eng Manager (Ben Cho): I have five Exceeds on my team.,0
Is that too many?,0
Monica: The guideline is 15-20% Exceeds across the org.,1
"Ben, your team is 12 people — so two to three is more typical.",0
Ben: I genuinely think five of them had standout years.,0
The platform migration was a massive lift.,0
Product Manager (Sara Osei): I have similar pushback.,0
Two of my PMs who drove the enterprise launch should both be Exceeds.,0
They had measurable business impact.,0
Monica: Let's go through them individually.,0
"Ben, start with your top Exceeds nominee.",0
Ben: Priya Kaur.,0
She single-handedly rebuilt our CI pipeline.,0
Reduced build times by 65%.,0
That unblocked the whole team.,0
"Monica: Specific, measurable impact — that's an Exceeds.",0
I'll support that one.,0
Ben: Jerome Hill.,0
"Strong technically, great mentor.",0
But I'm struggling to point to one thing that moved the needle.,0
Product Manager (Amir Raza): That's a Meets.,0
Being good at your job and helpful to colleagues is what Meets is for.,0
I'll move Jerome to Meets.,0
Monica: Let's talk about the Developing ratings.,0
These need written development plans by the end of next week.,0
Who's on that list?,0
Ben: One person — Sam Torres.,0
Two consecutive sprints of underperformance and communication issues with stakeholders.,0
Monica: Do we have documented feedback from this quarter?,0
Ben: Two written check-ins and one formal feedback session with HR present.,0
Documented.,0
Monica: Good.,0
"Sara: Nobody in Developing, but I have two Meets who are borderline.",0
I want to flag them for early Q4 check-ins.,0
Monica: Noted.,0
Let's get the calibrated ratings finalized in the technical by Friday.,0
Managers should deliver feedback conversations by October 15th.,0
HR Lead (Claire Moss): We surveyed 40 employees who joined in the last 12 months.,0
The average onboarding satisfaction score was 3.1 out of 5.,1
The top complaint — feeling overwhelmed in week one and not knowing who to ask for help in week two.,0
Let's redesign.,0
Eng Manager (Liam Park): From my experience onboarding four engineers this year — the technical setup is chaos.,0
"They spend day one fighting laptop setup, access requests, and reading a 40-page doc nobody maintains.",0
Claire: What would help?,0
Liam: A pre-boarding checklist sent two weeks before start.,0
"Laptop shipped, accounts provisioned, Slack channels joined before day one.",0
HR Generalist (Nina Shah): We've talked about that before.,0
"The blocker is IT — they say they can't provision accounts without the employee ID, which isn't created until start day.",0
Liam: That's a process problem we should escalate.,0
Most companies solve this.,0
Claire: I'll take that to IT leadership.,0
Let's talk about week one structure.,0
Product Manager (Keely Ross): New hires shouldn't have any deliverables in week one.,0
"It should be 100% learning — meet your team, understand the product, understand the customer.",0
Nina: Right now we're assigning tasks by day three.,0
That's too fast.,0
Keely: I'd push deliverables to week three at the earliest.,0
Give people time to breathe.,0
Claire: What about the buddy technical?,0
We have it on paper but managers aren't assigning buddies consistently.,0
Liam: Make it mandatory and track it.,0
Thirty-day buddy assignment.,1
Include a check-in prompt at day 15.,0
Nina: I can build that into BambooHR so it triggers automatically.,0
Claire: Good.,0
What about culture and values?,0
Several survey respondents said they didn't feel connected to the company mission in their first month.,0
Keely: A day-one CEO welcome session.,1
Even 20 minutes.,0
It signals that the company cares.,0
Claire: I'll ask the CEO's EA to block that.,0
Let's set a target — we want onboarding satisfaction to 4.0 by Q2 next year.,0
I'll draft the redesigned onboarding program and share it for feedback by the end of next week.,0
CHRO (Diane Foster): We commissioned a Radford compensation study for the engineering org.,0
Total cost was 12K but the data is essential.,0
Let me walk through findings.,0
CFO (Amit Bose): Go ahead.,0
Diane: At the IC levels — L3 and L4 — we're at the 45th percentile for base salary.,1
That's below our stated target of the 65th.,0
VP Engineering (Ray Torres): We've lost four engineers in the last six months to FAANG and growth-stage startups.,0
Every exit interview mentioned compensation.,0
Diane: At L5 and above it's even worse — we're at the 38th percentile for total comp.,0
Equity refresh grants have been inconsistent.,0
Amit: What would it cost to get to the 65th percentile across all levels?,1
Diane: Approximately 1.4 million in additional annual payroll.,0
The equity cost depends on how we structure refresh grants.,0
Amit: That's not small.,0
Is there a phased approach?,0
Diane: Yes.,0
Priority one: adjust L5 and above to 65th percentile.,1
That's 600K additional payroll.,0
Phase two: bring L3 and L4 up over the next two review cycles.,0
Ray: I'd push back on phasing L3 and L4.,0
We're struggling to close offers at every level.,0
Two candidates declined us this quarter citing comp.,0
Diane: I understand the urgency.,0
"Amit, can we model the cost of turnover versus the cost of the adjustment?",0
Amit: Average cost to replace an engineer is about 1.5 to 2x salary.,0
"With four exits this year, we've already spent roughly 2M in replacement costs conservatively.",0
Diane: So the 1.4M adjustment pays for itself in less than one year of avoided turnover.,0
Amit: I'll bring the phased plan to the board but I'd support moving faster than planned.,0
"Diane: My recommendation — implement all levels in one cycle, effective January 1st.",0
We can also review equity refresh grant consistency at the same time.,0
Ray: Strongly support.,0
"And please, let's communicate the new bands clearly to the team.",0
People Analytics Lead (Joan Kim): We had 89% response rate on the engagement survey — highest ever.,0
"Overall engagement score is 71, up from 67 last year.",0
That's above the industry benchmark of 68 but still room to improve.,0
CEO (Frank Murray): What are the top drivers up and down?,0
"Joan: Top positives — team relationships scored 88, company mission alignment scored 82.",0
These are genuine strengths.,0
CHRO (Pam Oliver): And the low scores?,0
Joan: Career development is the lowest — 54.,1
Employees don't feel they have clear growth paths.,0
Second lowest is manager quality at 61.,1
Eng Manager (Omar Diaz): The manager quality score doesn't surprise me.,0
We promoted a lot of senior engineers to manager roles last year with minimal training.,0
Pam: We've been saying we need a manager enablement program for two years.,0
Joan: The open-ended responses back this up.,0
Forty-two percent of comments mention wanting more feedback and coaching from their manager.,0
Frank: What specific interventions would move the needle most?,0
Joan: Three data-backed recommendations: One — structured career ladders with clear promotion criteria published for every role.,0
"Two — mandatory manager training program, especially for new managers.",0
"Three — quarterly development conversations that are tracked, not just annual reviews.",1
Pam: I can own the career ladder work.,0
We have drafts for engineering — I'll finish those and start on product and marketing.,0
Omar: I'll pilot the manager training with my team.,0
"If it works, we can roll out org-wide.",0
Frank: Timeline?,0
Pam: Career ladders for all departments by end of Q1.,0
Manager training pilot by end of Q4 this year.,0
Joan: I'll re-run the pulse survey in six months to measure impact.,0
We're targeting 75 or above.,0
Frank: Good work everyone.,0
This data should inform our Q4 people priorities.,0
HR Business Partner (Gwen Torres): Thank you both for being here.,0
This is a confidential session.,0
We're here to talk through the issues between you and find a constructive path forward.,0
"Jamie, you raised the initial concern — would you like to start?",0
Jamie (Senior Designer): I raised this because I felt like my contributions were being consistently undervalued in team meetings.,0
"Twice in the last month, Tyler has presented ideas I'd shared privately as if they were his own.",0
"HR (Gwen): Tyler, can you share your perspective?",0
Tyler (Product Manager): I genuinely wasn't aware that's how it came across.,1
"In both cases, I thought we'd developed those ideas collaboratively.",0
I didn't intend to take credit.,0
"Jamie: In the first instance, I sent you an email with the concept on a Monday.",0
You presented it at the all-hands on Wednesday with no mention of where it came from.,0
Tyler: I remember that email.,0
"Looking back, I should have attributed it to you in the deck.",0
I'm sorry for that.,0
"Gwen: I appreciate that acknowledgment, Tyler.",0
"Jamie, how does that land?",0
Jamie: It helps to hear it.,0
I just want to feel like my work is recognized.,0
Gwen: What would that look like in practice?,0
"Jamie: If we're going to share ideas in presentations, just credit where they came from.",0
A simple 'Jamie proposed this' is enough.,0
Tyler: I can absolutely commit to that.,0
I'd also like to be clearer in how we collaborate going forward — maybe a shared doc where we both contribute before any presentation.,0
Gwen: I think that's a really constructive proposal.,0
I want to document two commitments from this conversation.,0
Tyler: explicit attribution of Jamie's ideas in presentations.,0
Both of you: a shared collaboration document for joint projects.,1
I'll check in with both of you in 30 days.,0
Jamie: That sounds fair.,0
Tyler: Agreed.,1
I want us to work well together.,0
DEI Lead (Amara Johnson): Welcome everyone.,0
Today we're reviewing Q3 DEI programs and planning Q4.,1
I'll start with the numbers.,0
"Representation at the leadership level — women are at 28%, underrepresented minorities at 14%.",0
Both are up from last year but below our 35% and 20% targets.,1
ERG Co-Lead (Maria Santos): The Women in Tech ERG grew to 45 members this quarter.,0
We ran three events — all above capacity.,0
ERG Co-Lead (James Obi): The Black Professionals ERG launched in July with 22 members.,0
We're small but very active.,0
Our main ask is budget for an external speaker series.,0
Amara: What's the ask?,0
"James: 5,000 for four speakers over Q4.",0
CHRO (Diane Carter): That's within my discretionary budget.,0
James: Thank you.,0
Amara: On hiring — we're partnering with three HBCUs on campus recruiting.,0
First cohort starts next June.,0
Diane: What's the conversion rate from last year's HBCU partnership pilot?,0
Amara: Three hires from 14 candidates interviewed.,0
Not strong — 21%.,0
Eng Manager (Kevin Yun): What's our typical conversion?,0
Amara: About 35%.,0
We're doing something that's putting candidates off.,0
I want to do candidate experience interviews with the three who declined us.,0
Diane: Good idea.,0
"Amara, can you also review whether our JDs are using exclusionary language?",0
We ran a tool on them last year and found 12 flagged terms.,0
Amara: We updated those.,0
But the tool should be run again — job descriptions evolve.,0
Diane: Let's make it quarterly.,0
"Amara, final item — the inclusion index from the engagement survey was 68.",0
Industry benchmark is 72.,1
What's the plan?,0
Amara: Manager training.,0
Inclusive meeting facilitation.,0
Bias awareness workshops.,0
I'll have a Q4 program plan by October 1st.,0
Head of Product (Maya Stein): We have five themes competing for Q3.,0
I want to walk through each and get alignment.,0
Theme one — enterprise permissions and roles.,0
Eng Manager (Ravi Gupta): This is the most requested feature in our enterprise segment.,0
We have 12 accounts on the waitlist for it.,0
Design Lead (Cara Lim): It's also the most complex.,0
The design spec alone took three weeks.,0
Maya: Effort estimate?,0
"Ravi: Six weeks, two engineers.",0
Maya: Theme two — mobile offline mode.,0
"Ravi: Eight weeks, three engineers.",0
Complex sync logic.,0
Design Lead: But our user research shows 34% of users try to use the app in low-connectivity environments.,0
It's a retention driver.,0
Maya: Theme three — API rate limiting dashboard.,0
"Ravi: Two weeks, one engineer.",0
Developer experience improvement.,0
Dev (Sam Park): This has been blocked by our top three developer customers.,0
"It's low effort, high customer satisfaction impact.",0
Maya: Theme four — bulk import/export.,0
"Ravi: Three weeks, one engineer.",0
Frequently requested by mid-market customers.,0
Maya: Theme five — AI-powered smart search.,1
Ravi: Unknown complexity.,0
We've never done AI features.,0
Estimate is 10 to 14 weeks.,0
Maya: I think smart search is Q4 or Q1.,1
We need to scope it properly first.,0
"For Q3, I'm proposing: enterprise permissions as our primary initiative, API rate limiting dashboard as a parallel quick win, and bulk import/export as a stretch goal.",1
Mobile offline is a Q4 must-do.,0
Ravi: Enterprise permissions needs a dedicated team — two engineers plus design throughout.,0
Cara: I can commit to that if design reviews are scheduled in advance.,0
No last-minute spec changes.,0
Maya: Agreed.,0
"Sam, can you own the API dashboard?",0
Solo project?,0
"Sam: Yes, two weeks.",0
Maya: Great.,0
I'll update the roadmap in Productboard today and share with the full team by end of week.,0
UX Researcher (Dana Holt): We conducted 20 in-depth interviews with users who signed up in the last 60 days.,0
"Eight completed onboarding, 12 dropped off.",0
I'll share the key themes.,0
Head of Product (Ben Walsh): Please lead with the drop-offs.,0
Dana: The number one reason for drop-off — users couldn't figure out their first meaningful action.,0
"Quote from participant nine: 'I signed up, saw a blank dashboard, and had no idea what to do.'
Design Lead (Rosa Chen): That's brutal.",0
We have a checklist.,0
They're not seeing it.,0
Dana: Twenty-five percent of drop-offs didn't know the checklist existed.,0
It's below the fold on most screen sizes.,0
Ben: That's a simple fix.,0
"Rosa, can we move the checklist above the fold?",0
Rosa: Easy change — I can ship that in one day.,0
Dana: The second theme — the initial template selection feels overwhelming.,0
We show 47 templates.,1
Users said they want three to five 'starter' options based on their role.,0
PM (Alex Lee): We have role data from signup.,0
We should use it to pre-select templates.,0
Dana: Exactly.,0
Personalized onboarding based on job role.,0
The completers loved when they felt the product was tailored to them.,0
Ben: What else from the completers?,0
Dana: They praised the tutorial videos.,0
But only 30% found them — they're buried in the help center.,0
"Rosa: We should surface them inline during onboarding, not in a separate section.",0
Dana: Agreed.,0
Third theme — users expected an email on day three with tips.,0
Three participants mentioned onboarding emails from competitors as a positive contrast.,0
Alex: We have zero onboarding email sequence right now.,1
Ben: That changes today.,0
"Alex, can you scope a five-email drip sequence?",1
Alex: I'll have a brief by end of week.,0
"Ben: Dana, great work.",0
These findings are going into the Q3 roadmap.,0
"Rosa, quick wins first — checklist placement this week.",0
Product Lead (Kim Andrews): We have nine features to score with RICE today.,0
Let's go through them.,0
Everyone should have the scoring sheet.,0
"RICE is Reach, Impact, Confidence, Effort.",0
PM (Theo Nash): I'll call out the ones I think are underscored.,0
First — the notifications center.,1
You've scored it 2 on impact.,0
I think it's at least a 3.,0
Kim: Walk me through your reasoning.,0
Theo: It touches every active user daily.,0
A bad notifications experience drives disengagement.,0
Support tickets about notifications are our second highest category.,0
PM (Lena Park): I can support a 3.,0
I'll also note our confidence should be higher — we have strong data on user behavior around notifications.,0
"Kim: Okay, moving notifications center impact to 3, confidence to 90%.",0
That gives it a RICE of 810.,0
It moves to second on the list.,0
Theo: What's first?,0
Kim: Bulk actions — RICE of 940.,1
"High reach, high impact, low effort.",0
Lena: Bulk actions is a classic enterprise request.,0
I agree with the ranking.,0
PM (Omar Farouk): I want to flag report scheduling — it's ranked eighth but I think effort is overestimated.,0
You have it at 8 weeks.,0
Engineering told me last week it would be 3 to 4 weeks.,0
Kim: Really?,0
That changes the RICE significantly.,0
"Omar, can you get that estimate in writing from engineering before we finalize?",0
Omar: I'll have it by tomorrow morning.,0
Kim: Let's hold report scheduling's final rank until we have the updated estimate.,0
"For everything else, top three for Q3 are bulk actions, notifications center, and CSV export.",1
Any objections?,0
Lena: CSV export is bottom of my list personally — so much engineering effort for something we could solve with a lighter solution.,0
Kim: What's the lighter solution?,0
Lena: Direct download from the data grid.,0
"Half the effort, 80% of the value.",0
Kim: Let's explore that.,0
Can you write a one-pager on the lightweight alternative by Thursday?,0
PM (Grace Liu): We're eight days from launch.,0
Let's do a final readiness check.,0
I'll go through each workstream.,0
Engineering — Ben?,0
Eng Lead (Ben Park): Build is stable.,0
The last known crash bug was fixed yesterday.,0
App Store and Google Play review times are 3-5 days — we submitted today.,0
Grace: So we have a few days of buffer.,0
Marketing — Clara?,0
"Marketing (Clara James): App Store listing is done — screenshots, description, keywords optimized.",0
We have a press release drafted and influencer outreach to 12 tech reviewers.,0
Eight have confirmed.,0
Grace: When do we send the press release?,0
Clara: Embargo lifts launch morning at 6am PT.,0
We'll coordinate with the App Store release.,0
Grace: Support — Raj?,0
Support Lead (Raj Malik): We've added 15 mobile-specific FAQ articles and trained the team on the new flows.,0
One gap — we don't have a way to collect in-app feedback.,0
If there's a silent crash we won't know.,0
"Grace: Ben, can we add a simple feedback prompt post-onboarding?",0
Ben: We can add a star rating and text field.,0
Two-day build.,0
"Would be in the build we submitted — wait, we already submitted.",0
We'd need to push an update on day two.,0
Grace: Let's do that.,0
"Critical issue — we get the app live, then update on day two with the feedback mechanism.",0
CSM Lead (Tara Wong): I want to flag that three enterprise customers are expecting the mobile app to support SSO login.,1
That wasn't in the original scope.,0
Grace: SSO is on the roadmap for v1.2.,0
Did we communicate that?,0
Tara: Not clearly enough.,0
They're expecting it at launch.,1
Grace: I need to reach out to those three accounts today to set expectations.,0
"Tara, can you send me the contact names?",0
Tara: On it right now.,0
Grace: Any other blockers?,0
Launch is still on for September 18th.,1
Product Strategy Lead (Ian Cole): We're going to walk through the competitive landscape for our new workflow automation feature.,1
"Three main competitors to focus on: Zapier, Make, and Monday.com's new automation suite.",1
PM (Sara Kim): Zapier is the gorilla.,0
"6,000 integrations, massive brand recognition.",0
We can't out-feature them.,0
Ian: Agreed.,0
So what's our angle?,0
PM (Liam Booth): We should own the vertical.,0
Zapier is horizontal.,0
If we go deep on SaaS workflows specifically — CRM-to-support-to-analytics — we can be the specialist.,0
Sara: Make is our closest competitor in terms of positioning.,0
Their visual builder is excellent but their pricing is confusing and their documentation is poor.,0
Ian: Documentation and onboarding is somewhere we can genuinely win.,0
Our NPS for docs is already 72.,0
CMO (Anna West): What's Make's pricing?,0
"Sara: Operations-based, which confuses users who don't know how many 'operations' their workflows use.",0
Ian: We should go simple — flat pricing per workflow.,0
Predictable.,0
Liam: Monday.com's automation suite is concerning because they're bundling it.,0
"If you already use Monday, you get automation for free effectively.",0
Ian: We don't compete with Monday on the PM side.,0
We need to emphasize we're purpose-built.,0
Our workflow execution speed is 40% faster in our benchmarks.,0
Anna: That's a message I can work with.,0
"'Automation built for speed' — simple, differentiated.",0
"Ian: Let's formalize our positioning: vertical-focused, transparent pricing, best-in-class documentation, speed advantage.",1
"Sara, can you write up a competitive battlecard for the sales team?",0
Sara: I'll have a draft by Thursday.,0
Anna: I'll take the speed messaging and turn it into ad copy this week.,0
Ian: And I'll set up a competitive intelligence channel in Slack so we're tracking moves in real time.,0
Head of Product (Elena Marsh): OKR time.,0
Let's set Q4 objectives and key results.,0
"I'll start with what I'm thinking for the team objective: 'Accelerate enterprise adoption through product-led growth.'
PM (Jake Lin): I like it.",0
It's specific to where the company is focused.,0
PM (Nia Foster): Can we add a customer satisfaction component?,0
We risk optimizing for acquisition and ignoring retention.,0
Elena: Good point.,0
Let's add a retention KR.,0
Draft objective: 'Accelerate enterprise adoption and deepen customer retention.' How's that?,0
Nia: Better.,0
Elena: Key results.,0
KR1 — ship enterprise permissions by December 15th.,0
"Jake: That's a milestone, not a measurable result.",0
Can we say 'Onboard 10 new enterprise accounts using the permissions feature within 30 days of ship'?,1
Elena: Love that.,0
More outcome-focused.,0
Nia: KR2 — increase 90-day retention from 68% to 76%.,1
Elena: Is 8 points achievable in one quarter?,0
Nia: We have three initiatives in flight that should move retention.,0
I think it's achievable but stretching.,0
Jake: I'd write it as 74% to be confident but aspire to 76%.,0
"Nia: Let's go 74% committed, 76% stretch.",0
Elena: KR3 — reduce time-to-value for new users.,0
Onboarding completion from 38% to 60%.,1
Jake: The research readout this week told us exactly how to move this.,0
Elena: KR4 — NPS improvement from 41 to 48.,0
Nia: NPS is lagging and hard to move in one quarter.,0
I'd drop this or make it qualitative.,0
Jake: Replace it with 'Complete 15 customer discovery calls and synthesize insights for H1 roadmap.' More actionable.,0
Elena: Done.,0
I'll write them up formally and have them in Notion by tomorrow.,0
CMO (Rachel Kim): Let's review Q2 digital marketing performance.,0
Total spend was 1.2 million.,0
"Tara, give us the ROAS breakdown.",0
Performance Marketing Lead (Tara Singh): Blended ROAS was 2.1x.,0
Paid search was our best channel — 3.4x ROAS.,1
Paid social underperformed at 1.2x.,1
CMO: What happened on paid social?,0
Tara: We ran two brand awareness campaigns on LinkedIn that were awareness-focused.,0
Low direct conversion but reach was high — 2.3 million impressions.,0
Content Lead (Miles Grant): Pipeline attribution tells a different story.,0
Eight enterprise deals in Q2 had LinkedIn touchpoints in their journey.,0
"The influence is real, just not direct.",0
CMO: We need better multi-touch attribution.,0
What are we using?,0
Tara: Last-click.,0
It's killing social's numbers.,0
CMO: Let's move to linear attribution as an experiment in Q3.,0
Miles — content?,0
Miles: Blog traffic up 34% quarter over quarter.,0
Organic is now 28% of all inbound leads.,1
Two pillar posts drove 60% of that traffic.,0
CMO: Which posts?,0
Miles: 'How to scale SaaS operations' and the competitive comparison post.,0
SEO Lead (Priya Bose): The comparison post targets high-intent buyers.,0
Conversion rate from that post is 8.4% — highest on the site.,0
CMO: Let's commission five more comparison posts for Q3.,0
"Priya, which competitors should we target?",0
Priya: Top five by search volume — I'll send a list by end of day.,0
Email — Jamie?,0
Email Marketing (Jamie Voss): Email drove 14% of MQLs in Q2.,0
"Open rates are at 31%, above the industry average of 21%.",0
CTR is 4.1%.,0
CMO: Strong numbers.,0
Are we list building aggressively enough?,0
Jamie: List grew 12% this quarter.,0
We could grow faster with more gated content.,0
"CMO: Miles, add two gated assets to Q3 content plan.",0
Work with product marketing on topics.,0
CMO (Diana Shaw): We last refreshed the brand four years ago.,0
"The company has changed dramatically — we're enterprise-focused now, not SMB.",0
The brand needs to reflect that.,0
Today we're aligning on the direction before we brief an agency.,0
Brand Manager (Kevin Ho): I've pulled together competitive brand analysis.,0
"Our current brand reads as approachable and friendly — good for SMB, not commanding for enterprise buyers.",0
Design Lead (Nadia Torres): The logo is fine but the color palette needs work.,0
Our current teal feels consumer.,0
"Enterprise brands skew to deep blues, navy, and charcoal.",0
Diana: I'm not opposed to evolving the palette.,0
What stays the same?,0
Kevin: The name stays.,0
The core brand promise — 'clarity in complexity' — tests very well with our enterprise audience.,0
Brand Strategist (Amit Patel): We should distinguish the visual identity from the verbal identity.,1
Visual refresh — yes.,0
"Verbal identity — refine, don't rebuild.",0
Diana: What's the agency budget?,0
"Kevin: For the scope we need — strategy, visual identity, brand guidelines, website templates — 150 to 200K.",1
Diana: That's within plan.,0
I want to run an RFP process.,0
Three agencies.,0
"Amit, can you draft the brief?",0
Amit: Draft by end of week.,0
I'd suggest we include one agency that specializes in enterprise B2B specifically.,0
Nadia: I have two recommendations — Wolff Olins enterprise division and Collins.,0
Diana: Good names.,0
"Kevin, set up the RFP process and get bids by October 15th.",0
Kevin: Done.,0
What's the go-live timeline?,0
Diana: I want the new brand live at the January user conference.,0
That's our biggest event of the year.,0
Working backwards — final assets needed by December 20th.,0
Agency selection by November 1st.,1
Amit: That's tight but doable if we're decisive.,0
Diana: We will be.,0
Let's get this right.,0
"Content Lead (Sam Pierce): For Q3 content planning we have four channels to align: blog, webinar, social, and video.",1
I'll walk through each.,0
SEO Lead (Ines Rodrigo): Blog first — I want Q3 to focus on BOFU content.,0
We've built top-of-funnel traffic.,0
Now let's convert it.,0
"High-intent pieces like 'X vs Y' comparisons, ROI calculators, case studies.",0
Sam: How many net-new pieces per month?,0
Ines: Ten per month.,0
"Five SEO-driven, three case studies, two thought leadership.",0
Product Marketing (Jake Simmons): Case studies are my ask too.,0
We have 14 customers who've agreed to participate and we've done zero in six months.,0
Sam: Fair criticism.,0
Let's make case studies a Q3 priority.,0
Two per month minimum.,0
"Webinar Lead (Cara Wells): Webinars — I'm proposing a weekly live Q&A format, 30 minutes, with our product team.",0
"Low production cost, high intent audience.",0
Sam: What's the lead conversion rate from webinars historically?,0
Cara: Our last four webinars averaged 8.2% lead-to-trial conversion.,0
Best channel we have.,0
Sam: Then we should do more of them.,0
Weekly is ambitious — can we start with bi-weekly and scale?,1
"Cara: Yes, bi-weekly in Q3, weekly in Q4.",1
Jake: Video — I want to build a library of 90-second product demos for each core feature.,0
Sales uses these in outbound.,0
Sam: How many features?,0
Jake: Fourteen core features.,0
We've done three videos already.,0
Eleven more at 2K per video is 22K.,0
Sam: I'll get that budgeted.,0
Last — social.,0
We're posting 5 times per week and getting low engagement.,0
I think we post too much generic content.,0
Social Lead (Maria Holt): Quality over quantity.,0
Three posts per week but higher production value.,0
"Video clips, product GIFs, customer stories.",0
Sam: Let's pilot that in July and measure engagement rate.,0
Target 3% from current 1.2%.,0
Head of Marketing (Fiona Blake): We're setting the influencer strategy for H2.,0
Our goal is to reach 500K new potential users through creator partnerships.,0
Total budget is 180K.,0
Social Lead (Diego Reyes): My recommendation — don't go broad.,0
Focus on SaaS and productivity creators.,1
Our product resonates specifically in that vertical.,0
Fiona: What's the tier split?,0
Diego: I'd do one macro creator — 500K to 1M followers — for brand reach.,0
Four to five mid-tier creators — 50K to 200K — for conversion.,0
And ten micro creators — 5K to 50K — for community trust.,0
Influencer Manager (Priya Das): Micro creators have the best engagement-to-cost ratio.,0
We've seen 4 to 6% engagement rates versus 0.8% for macro.,0
Fiona: What's the macro budget?,0
"Priya: 60K for the macro, 80K for mid-tier, 40K for micro.",1
That's 180K total.,0
Fiona: What's our measurement framework?,0
Diego: UTM links and unique promo codes per creator.,0
"Track trial signups, not just reach.",0
Fiona: I like that.,0
What about authenticity?,0
I've seen sponsored content that feels forced.,0
Priya: We should give creators full creative control.,1
Brief them on the problem we solve — don't script the ad.,0
Authenticity drives conversion in this space.,0
Fiona: Agreed.,0
Can we do a pilot with two creators before committing the full budget?,0
Priya: Yes — I'd suggest two mid-tier creators in July.,0
"If conversion rates hit above 3%, we expand.",0
"Diego: I have two in mind — one productivity-focused channel with 120K followers, and a SaaS founder podcast with 85K subscribers.",0
Fiona: Set up those conversations this week.,0
"And Priya, let's also build a standard creator brief template.",0
We want consistent messaging even with creative freedom.,0
Priya: I'll have the template by Friday.,0
PMM Lead (Rosa Hill): We're planning the GTM for the enterprise analytics suite launching October 1st.,1
Eight weeks away.,0
"Let me set context — this is our highest-priced product to date: 2,500 per month per seat.",0
The buyer is the VP of Data or CDO level.,0
Sales Lead (Marcus James): Very different buyer than what we're used to.,0
These people don't respond to trial flows.,0
They need hands-on pilots.,0
Rosa: Exactly.,0
"So the GTM motion is sales-led, not product-led.",1
"Targeted outbound, not broad inbound.",0
"Marketing (Kate Lim): We have a list of 3,200 companies in our ICP with a VP of Data or CDO identified.",0
LinkedIn outbound plus personalized cold email.,0
Marcus: What's the pilot structure?,0
"Rosa: 60-day pilot, up to 5 seats, full support, white-glove onboarding.",0
We convert or we don't.,0
Marcus: I need at least 3 pilots live before the public launch to generate social proof.,0
Rosa: Can you get 3 pilots committed in 6 weeks?,0
"Marcus: If marketing gives me the outbound infrastructure — sequences, collateral, case study from the beta user — yes.",0
"Kate: Beta case study is done — Acme Corp, 40% reduction in reporting time.",0
That's a strong hook.,0
Rosa: Good.,0
Messaging — the brief says 'turn raw data into board-ready insights.' Thoughts?,0
Marcus: I like it.,0
"Clean, outcome-focused.",0
Kate: For LinkedIn copy I want to test two angles: speed (insights in minutes not weeks) and trust (data your board can rely on).,0
Rosa: A/B test both in August.,0
Let's also plan a VIP dinner in SF and NYC the week before launch.,1
Invite only — existing enterprise customers and prospects.,0
Marcus: High-touch pre-launch event.,0
Rosa: 30K across both cities.,0
Kate: I'll source venues by end of week.,0
Rosa: Great.,0
Full GTM plan in Notion by next Wednesday.,0
"SEO Lead (Anya Patel): Total organic traffic last quarter was 142K sessions, up 38% from Q2 last year.",0
We rank on page one for 214 keywords.,0
Here's the problem — 80% of that traffic is top-of-funnel.,0
"We're great at awareness, weak at conversion.",0
CMO (Brian Cole): What's the conversion rate from organic?,0
Anya: 1.8% to trial.,0
Paid is at 4.2%.,0
Content Lead (Sam Osei): The problem is intent.,0
We're ranking for broad terms like 'project management tips' — people aren't in buying mode.,0
Anya: Correct.,0
My Q4 strategy: shift 60% of content effort to mid and bottom funnel keywords.,1
"Best practice guides, tool comparisons, ROI calculators.",0
Brian: How long to see ranking impact?,0
Anya: 90 to 120 days for new content to rank.,0
So we need to start now to see Q1 results.,0
Sam: What about our existing top pages — can we add conversion elements?,0
Anya: Yes — that's immediate ROI.,0
Our top 10 pages get 48K monthly sessions.,0
Adding a strong CTA and relevant case study to each could move conversion meaningfully.,0
I call it a content refresh sprint.,1
Brian: How long?,0
Anya: Two weeks with one writer and one designer.,0
Sam: I can spare the writer.,0
"Design — Cara, can you help?",0
Design (Cara Webb): I can allocate 3 days over two weeks.,0
Brian: Let's do it.,0
What about backlinks?,0
Our domain authority is 52.,1
Competitors are at 65 to 70.,0
Anya: Backlink gap is real.,0
I want to launch a digital PR program — create original research reports quarterly and pitch them to industry press.,0
Original data gets links.,0
Brian: Cost?,0
"Anya: 20K per report — research, design, PR outreach.",0
Two per year.,0
Brian: Budget that for Q4 and Q1.,0
Let's track whether domain authority moves.,0
CFO (Janet Wu): September actuals are in.,0
Total spend came in at 4.1 million against a 3.8 million budget — 8% over.,0
Let's go department by department.,0
Engineering?,0
VP Engineering (Ray Osei): Over by 180K.,0
The two contractors we brought on for the migration.,0
That was an approved variance — we flagged it last month.,0
"Janet: Correct, that's pre-approved.",0
CMO (Dana Park): Over by 95K.,0
We ran an additional paid media push at the end of the month — last-minute opportunity that cleared 4x ROAS.,0
"Janet: I'd normally push back, but a 4x ROAS justifies the flexibility.",0
Let's formalize a process for in-month spend exceptions above 50K — they should come to me for approval.,0
Dana: Agreed.,0
Won't happen again without prior approval.,0
Janet: Sales — Tomas?,0
VP Sales (Tomas Reyes): Under budget by 40K.,0
We had two event sponsorships fall through.,0
Janet: Good news but I want that 40K committed to Q4 pipeline events.,0
Don't let it disappear into the base.,0
Tomas: Understood.,0
I'll allocate it to the November trade show.,0
Janet: G&A is over by 85K — legal fees on the Nexaflow deal.,1
That's expected and deal-related.,0
No issue there.,0
People costs?,0
CHRO (Kim Lee): Slightly under by 30K — two open headcount positions weren't filled until mid-month.,0
Those costs will normalize in October.,0
Janet: Overall the 8% variance is manageable given the approved items.,0
The unapproved marketing overage is the only process issue.,0
Year-to-date we're 2% over budget — still within our 5% tolerance.,1
Cash position is 7.8 million.,0
Tomas: Timeline for Nexaflow close — does it affect our cash runway?,1
Janet: We're funding 6M with a note.,0
Cash out the door is 8M.,0
Drops runway from 7.1 months to 5.5 months.,0
We'll need to watch Q4 burn carefully.,0
CFO (Monica Hassan): FY2025 planning kicks off today.,0
We're targeting 52 million in revenue — 36% growth over FY2024.,0
Let me walk through the model assumptions.,0
CEO (Greg Tan): That's an aggressive target.,0
Walk us through the drivers.,0
"Monica: Three growth drivers: existing customer expansion at 115% NRR, new logo additions of 180 enterprise accounts, and the new analytics product launching in Q1.",1
VP Sales (Janet Reeves): 180 enterprise accounts requires us to roughly double the sales team.,1
That's 12 new AEs.,0
Monica: The model accounts for 12 new AEs — ramped over the first two quarters.,0
Cost is 3.6 million in additional payroll for the year.,0
VP Engineering (Omar Kahl): The analytics product launch in Q1 is aggressive.,1
We're currently estimating 14 weeks of engineering time from now.,0
Monica: That's February 28th — still Q1.,0
Tight but in the model.,0
Greg: What's the risk scenario?,0
"Monica: If new logos come in at 60% of target and analytics launches in Q2, we're looking at 44 million — still 15% growth, still defensible.",0
VP Finance (Riya Bhatt): On the cost side — headcount-driven costs are 62% of OpEx.,0
We should also look at non-headcount efficiency.,0
Software consolidation could save 400K.,0
Monica: Good call.,0
"Riya, can you lead a software audit before we finalize the plan?",0
Riya: I'll have it done in two weeks.,0
Monica: Capex — we're planning 600K for the new Singapore office build-out.,0
Greg: Lock that in.,0
We need to be in Singapore by March.,0
Monica: Planning cycle runs through November 15th.,0
Department budgets due October 30th.,0
Final plan to board by November 22nd.,0
CFO (Lauren Price): We're three weeks from the Q3 earnings call.,0
Let me run through the key messages and then we'll anticipate analyst questions.,0
"Revenue came in at 13.1 million — 19% growth, slightly below our 20% guidance.",0
CEO (Dan Ortiz): What's our narrative on the miss?,0
Lauren: One large deal slipped to Q4 — that's 800K of the shortfall.,0
"Without that, we'd have hit 21%.",0
"The slip was timing, not lost.",0
IR Lead (Sam Wells): Analysts will ask about the deal.,0
"We should be ready with specifics — deal size, sector, and expected close date.",0
"Lauren: Financial services sector, 820K ACV, expected to close in the first two weeks of October.",0
We can say that.,0
Dan: What about the margin story?,0
Lauren: Gross margin expanded to 74% from 72% in Q2.,0
That's a positive trend to highlight.,0
EBITDA loss narrowed from 2.1M to 1.7M.,1
Sam: Analysts will push on path to profitability.,0
What's our message?,0
Lauren: We're guiding to EBITDA breakeven in Q2 next year.,0
That's unchanged from last quarter's guidance.,0
Dan: And Q4 guidance?,1
Lauren: Revenue guidance of 14.5 to 15M — 18 to 22% growth.,1
We're being conservative given the pipeline mix.,0
Sam: One question I'm expecting: 'Is the 800K deal your only confidence in Q4 guidance?' How do we answer?,0
Lauren: We have 87% of Q4 revenue in backlog or pipeline above 80% probability.,0
The guidance is well-supported beyond that one deal.,0
Let's do a full rehearsal next Thursday.,0
"Sam, prep 15 analyst questions.",0
I'll circulate by Monday.,0
Lauren: Also — make sure legal reviews the script by end of week.,0
No surprises.,0
CFO (Nina Brooks): The board asked for a 15% OpEx reduction plan.,0
Current quarterly OpEx is 5.8 million.,0
Target is 4.9 million — 900K reduction.,0
Let's go through the categories.,0
VP Operations (Raj Singh): We identified 340K in software and tooling consolidation.,0
We have 47 active SaaS subscriptions.,0
Fifteen are redundant or underused.,0
We can eliminate them without operational impact.,0
Nina: Which tools are on the list?,0
"Raj: I'll share the full analysis but the biggest ones: two project management tools overlapping with Asana, three analytics tools where Google Analytics covers the base case, and multiple communication tools.",0
VP Finance (Kara Wu): I'd add vendor renegotiation.,0
Our AWS spend is 480K annually.,0
"If we commit to a 3-year reserved instance, we reduce that by 28% — 134K savings.",0
Nina: That requires a capital commitment.,0
Is the 3-year horizon realistic?,0
CTO (Ben Malik): Absolutely.,0
We're not moving off AWS.,0
Nina: Do it.,0
That's 134K.,0
We're at 474K toward the target.,0
Where else?,0
"VP HR (Gina Torres): Two options in headcount: a hiring freeze on backfill positions for 90 days, and shifting two roles from full-time to fractional.",0
That's approximately 200K in Q4.,0
Nina: I'm reluctant to freeze backfills broadly — we have critical engineering positions open.,0
Can we be surgical?,0
Ben: Freeze non-technical backfills and keep the engineering reqs open.,0
Nina: Agreed.,0
That gives us maybe 120K rather than 200K.,0
Raj: For the remaining gap — office lease renegotiation.,1
Our NYC lease renews in January.,0
The market has softened — we think we can get 20% off on renewal.,0
Nina: What's current annual lease cost?,0
A 20% reduction is 124K annually — 31K in Q4 if we start the renegotiation now.,1
Nina: That gets us to 629K.,0
Close to target.,0
Let's identify the last 270K through one more pass on vendor contracts.,1
VP Finance (Alex Turner): We're renewing our Salesforce contract in 60 days.,0
Current spend is 480K annually for 120 seats.,0
They've proposed a 12% increase — that's 537K.,0
We need to push back.,0
Sales Ops (Kate Hill): 120 seats is actually too many.,0
I ran a usage audit — 28 seats haven't logged in the past 90 days.,0
We're paying for users we don't have.,0
Alex: Can we reduce to 92 seats?,0
Active users with regular logins — 87.,0
Add 5 buffer — 92 seats.,0
"Alex: If we hold price per seat flat and drop to 92 seats, that's a 23% reduction from their proposed 537K.",0
That's about 413K.,0
CFO (Monica Li): We should also push for flat pricing per seat.,0
The market has multiple Salesforce alternatives.,0
We have leverage.,0
Alex: Our rep is David Kim.,0
He's been responsive.,0
I think we can negotiate but we need a BATNA.,0
VP Sales (Omar Francis): I've been exploring HubSpot Enterprise for six months.,0
It's about 70% of the feature set we use at 55% of the cost.,0
I wouldn't switch but I can use it as leverage.,0
Monica: Perfect.,0
Use the HubSpot evaluation as negotiating pressure.,1
Don't threaten to switch — mention you're actively evaluating alternatives.,0
"Alex: My target: 92 seats, flat rate, 3-year term, 10% implementation credit for the integration work we've done.",1
Kate: Also push for training credits.,1
We have five new reps starting in Q1.,0
Alex: Good addition.,0
I'll prepare the negotiation brief and schedule a call with David this week.,0
Monica: Keep me in the loop before any offers.,0
380 to 420K is our acceptable range.,0
Don't go above 420K without coming back to me first.,0
General Counsel (Maria Torres): We received redlines from Zentera's legal team on the master services agreement.,1
Four major issues.,0
Let me walk through each.,0
VP Engineering (Sam Park): What are the critical ones?,0
Maria: Number one — indemnification scope.,0
They want us to indemnify them for any data loss including losses attributable to their own negligence.,0
That's unacceptable.,0
Sam: We'd be on the hook if their technical fails?,0
"Maria: As written, yes.",0
Standard market position is mutual indemnification excluding gross negligence.,0
I'll redline it back.,0
Maria: Issue two — data processing terms.,0
Their DPA doesn't meet GDPR standards.,0
The data transfer mechanism for EU data is unclear — they reference SCCs but haven't provided the executed module.,0
Privacy Counsel (Jay Kim): That's a real gap.,0
We can't use them for EU customer data until this is resolved.,0
Maria: Agreed.,0
We'll condition the agreement on receiving executed SCCs before go-live.,0
Jay: Issue three?,0
Maria: Liability cap.,0
They're proposing a cap of one month's fees.,1
"For a technical this critical, we need at least 12 months of fees — which is 180K.",0
They'll push back but that's the negotiation.,0
Sam: One month is laughable if they cause a major outage.,0
Maria: Exactly.,0
We'll anchor at 12 months and settle somewhere in the middle.,0
Jay: Issue four — termination rights.,1
They only allow termination for cause after a 90-day cure period.,0
We want termination for convenience with 30 days notice.,0
Maria: That's a standard ask.,0
I don't expect a fight there.,0
Sam: Timeline?,0
Maria: I'll have redlined agreement back to them by Thursday.,0
I'd expect their response in 5 to 7 business days.,0
"If we can agree by end of month, we can onboard in November.",0
Sam: That works for our timeline.,0
General Counsel (Patricia Lee): We're reviewing the IP portfolio for the three inventions the product team has submitted this quarter.,0
Goal today is to decide which ones we pursue patents on.,0
Chief Patent Counsel (Ravi Sharma): Let me walk through each.,0
Invention one — the ML-based anomaly detection algorithm for real-time data streams.,0
Very strong candidacy.,0
Unique combination of techniques.,0
I've done a prior art search and nothing close exists in the last five years.,0
CTO (Ben Walsh): That's our core differentiator.,0
We should absolutely patent it.,0
Patricia: I agree.,0
Let's file a provisional to lock the priority date.,0
Cost is 3K.,0
Then we have 12 months to decide on a full utility patent.,1
Ravi: Invention two — the drag-and-drop workflow builder UI.,0
Harder case.,0
"There are at least six similar patents from Zapier, Monday.com, and Nintex.",0
We'd be fighting for narrow claims.,0
Ben: Is it worth filing?,0
Ravi: I'd recommend a trade secret strategy instead.,0
Keep the specific implementation details confidential.,0
A weak patent is worse than no patent — it signals to competitors where to design around.,0
Patricia: Agreed.,0
No patent on the UI — trade secret it.,1
Ravi: Invention three — the notification routing engine.,0
This is an interesting one.,0
The core concept exists but our specific implementation for multi-channel priority weighting is novel.,0
Ben: That took six months of engineering work to perfect.,0
Ravi: I'd file a narrow utility patent focused on the weighting algorithm specifically.,1
Claims would be defensible.,0
Patricia: Cost estimate?,0
Ravi: Full utility patent for inventions one and three — 25 to 35K each including prosecution.,0
Total budget ask is 70K.,0
Patricia: I'll take that to the CFO.,0
Provisional on the ML algorithm this week regardless — 3K is within my authority.,0
Ben: Perfect.,0
Let's protect what matters.,0
Data Protection Officer (Claire Murphy): Our annual GDPR audit is complete.,0
External auditors from PrivacyGlobal reviewed our data processing activities against the regulation.,0
I want to walk through the six findings.,0
CGO (Tom Banks): Were there any critical findings?,0
"Claire: Two critical, three moderate, one low.",0
Let's start with the critical ones.,0
Finding one — our consent management platform doesn't log consent timestamps for EU users.,0
Without a timestamp we can't demonstrate when consent was given.,0
That's a violation of Article 7.,1
Legal (Jana Kovacs): Fines for Article 7 breaches can reach 4% of annual revenue.,0
We need to fix this urgently.,0
Claire: Engineering has confirmed it's a 2-week fix.,0
We've flagged it as a P0.,0
CTO (Alex Kim): It's already in the sprint.,0
We'll have it deployed in 12 days.,0
Claire: Good.,0
Critical finding two — we're transferring some EU user data to a US-based analytics vendor without a current SCA in place.,0
Their contract expired in January.,0
Jana: That's an active violation.,1
We need to either pause the data transfer or get signed SCCs in place immediately.,0
Claire: I recommend pausing the transfer today while legal executes the SCA.,0
It'll take three to five business days.,0
Jana: I'll initiate with the vendor today.,0
Tom: What are the moderate findings?,1
Claire: Retention policies not enforced technically for three data categories — we have policies on paper but no automated deletion.,0
Data subject request response time has exceeded 30 days twice this quarter — we're legally required to respond within 30 days.,0
And our DPO appointment isn't formally documented in our Articles of Association — administrative fix.,0
Tom: What's the remediation timeline for all six?,0
Claire: Critical issues resolved within 30 days.,0
Moderate issues within 90 days.,0
I'll publish a remediation tracker this week with owners and due dates.,0
Jana: I'd recommend we self-report the SCA gap to the ICO proactively.,0
It demonstrates good faith.,0
Employment Counsel (Dana Fox): Three significant employment law developments in the last quarter that affect how we operate.,0
Let me walk through each.,0
CHRO (Monica Green): Thanks Dana.,0
Please flag anything that requires immediate action.,0
Dana: First — the new California pay transparency law takes effect January 1st.,1
Any job posting for California-based roles must include a salary range.,0
This applies to remote roles where the employer knows or reasonably expects the employee will be in California.,0
Monica: We post remote roles without salary ranges currently.,0
We need to change that.,0
Dana: Correct.,0
And the ranges must be 'reasonable' — you can't post $50K to $500K and call it a range.,0
HR Manager (Lisa Chang): How do we determine what's reasonable?,0
Dana: Within about 30% of the expected salary.,0
"If you're targeting $120K to $130K, your posted range shouldn't be wider than $100K to $160K.",0
I can provide written guidance.,0
Monica: Please.,0
We need to update our job posting process before January 1st.,0
Dana: Second — the NLRB issued a rule in September extending protections to non-compete agreements.,1
Non-compete clauses in employment contracts may now be unenforceable in more states.,0
We have 14 employees with existing non-compete clauses.,0
Monica: Do we need to notify those employees?,0
"Dana: Not immediately, but I recommend reviewing each agreement.",0
Some may not be enforceable even if challenged.,0
I'll prioritize reviewing the agreements of employees most likely to leave to competitors.,0
Dana: Third — the new pay equity audit requirements in Colorado and Illinois.,1
We have employees in both states.,0
The law requires employers with 25+ employees in those states to conduct annual pay equity audits.,0
"Monica: We have 12 in Colorado, 18 in Illinois.",0
Dana: You're above the threshold in Illinois.,0
I recommend running a pay equity analysis this quarter.,0
Monica: Can HR run that ourselves?,0
"Dana: With my guidance, yes.",0
I'll send you the methodology.,0
"General Counsel (Sara Walsh): The executive team has asked for a legal risk assessment of expanding into Germany, France, and the Netherlands.",1
"I'll cover regulatory, employment, and data privacy risks.",0
CEO (Frank Allen): Let's start with Germany — largest market.,0
Sara: Germany has some of the strictest employment laws in the EU.,0
Works council requirements kick in at five employees.,1
"That means employee representation in certain management decisions — terminations, shift changes, even some product decisions that affect work conditions.",0
VP HR (Kim Lim): That's a significant operational change from how we work in the US.,0
Sara: It is.,0
You'd need a local employment lawyer from day one.,0
German termination laws also require documented performance issues over a long period — US at-will employment doesn't apply.,0
Frank: What about France?,0
Sara: Similar works council requirements.,0
Also the 35-hour work week — you can't expect employees to routinely work beyond that without specific structures.,0
VP Operations (Omar Ndiaye): Are there ways to structure work arrangements to have more flexibility?,0
Sara: Yes — annualized hours agreements.,0
Your French employment counsel can structure those.,0
Frank: Netherlands?,0
Sara: Most flexible of the three in terms of employment law.,0
Good English proficiency — easier for a US company to start.,0
Privacy Counsel (Jay Kim): On GDPR — all three markets require a local EU representative if you're processing EU personal data.,0
We already have that from our UK entity post-Brexit — we can use them for EU representation.,0
Sara: Smart use of existing structure.,0
Frank: What's the highest risk element?,0
Sara: Germany — specifically the works council requirements and employment law complexity.,0
"My recommendation: enter Netherlands first, build operational playbook, then Germany with dedicated local legal support.",0
Frank: That aligns with our phased approach.,0
Can you put together a risk matrix for the board?,1
Sara: I'll have it ready by October 15th.,0
Design Lead (Ana Reyes): Welcome to the design technical v2 kickoff.,1
The v1 technical is three years old and hasn't kept up with the product.,0
"We have 200+ components, many undocumented, with inconsistent behavior across web and mobile.",0
Senior Designer (Ben Ho): The biggest pain point is the button component alone has seven variants used across the product with no clear guidance on when to use which.,0
Frontend Lead (Jess Park): From engineering — we've built the same tooltip component four times independently across different squads.,0
That's technical debt and inconsistency.,0
"Ana: The goal of v2 is a single source of truth: design tokens, documented components, clear usage guidelines, and a Figma library that's the canonical reference.",1
Ben: What's the governance model?,0
Who decides when a component is added?,0
"Ana: Proposed model — a design technical working group: me, Jess, one product designer rotating monthly.",0
Any new component requires two design reviews and one engineering review before it's added.,0
Jess: I like that.,0
Prevents random additions.,0
Product Designer (Kai Lee): What about the token technical?,0
"Colors, spacing, typography?",0
Ana: Starting there.,0
"Fourteen base colors mapped to semantic tokens — primary, secondary, danger, success.",0
Eight spacing values on a 4-point grid.,0
Three type scales.,0
Ben: Fourteen base colors feels light.,0
What about our illustration palette?,0
Ana: Illustration palette is separate — not in the technical.,0
technical tokens are for UI only.,0
Jess: Migration plan — do we refactor existing components or start fresh?,0
Ana: Hybrid.,0
New tokens applied to existing components as a first pass.,0
Net-new components built fresh to the new spec.,0
We don't rebuild what works.,0
Kai: Timeline?,0
Ana: Token technical finalized in four weeks.,1
First ten components documented in eight weeks.,0
Full library in six months.,0
Jess: Engineering will need at least two weeks per component for the implementation if it's a complex one.,0
"Ana: The ten components in phase one are simple — button, input, checkbox, select, modal, tooltip, badge, tag, card, table.",0
Should be faster.,0
UX Lead (Sam Park): We completed eight usability tests on the new checkout flow.,0
All participants were recruited from our existing customer base — a mix of SMB and enterprise users.,0
Key findings — let me start with what worked.,0
Senior Designer (Priya Nair): Did the progress indicator help?,0
Sam: Significantly.,0
Seven of eight participants explicitly commented they liked knowing they were on step two of three.,0
One said it reduced their anxiety about commitment.,0
Product Manager (Ben Lee): That validates our design hypothesis.,0
Sam: What didn't work — the payment section.,0
Five participants were confused about the difference between 'billing address' and 'payment address.' Three entered the same address twice thinking they were different.,0
Priya: We modeled after the Stripe default but I think the labeling is unclear.,0
Sam: Two participants missed the coupon code field entirely — it's collapsed behind a 'have a promo code?' link.,1
They expect it to be visible.,0
Ben: That one's easy to fix — just expand it by default.,0
Priya: I can update the mockup today.,0
Sam: The enterprise tier selection caused confusion.,0
"When participants chose enterprise, they expected a 'contact sales' flow — not an instant checkout.",1
Three abandoned or expressed hesitation.,0
Ben: That's a real problem.,0
Enterprise checkout isn't actually an instant purchase.,0
Sam: We either need to surface the sales-assisted path for enterprise more prominently or redesign the tier selection to route them differently.,1
"Priya: I'd recommend a fork — SMB goes to instant checkout, enterprise goes to 'schedule a call.'
Sam: That's my recommendation too.",0
Ben: Agreed.,0
Let's design the fork.,0
What's the timeline?,0
Priya: I can have updated mocks for the billing address labels and coupon field by Friday.,0
The enterprise fork is a bigger design decision — I'd need two weeks.,0
Ben: Do the quick fixes by Friday.,0
Let's review the enterprise fork design in two weeks.,0
Design Lead (Rina Shah): We're critiquing the three dashboard concepts for the analytics redesign.,0
"Critique format — observations first, then suggestions.",0
"No 'I like' or 'I don't like.' Let's start with Concept A — Max, walk us through it.",0
Designer (Max Torres): Concept A uses a card-based layout.,1
Each metric is an independent card you can reorder.,0
The header has a global time selector and the export button.,0
Designer (Cara Webb): Observation — the card layout creates visual fragmentation.,0
There's no clear data hierarchy — all metrics feel equal weight even though MRR is more important than email open rate.,0
Max: That's intentional — personalization.,0
But I hear the hierarchy concern.,0
Designer (Priya Lim): The typography choices read light on the white background.,0
The 14px body text in the metric labels may not meet WCAG AA at that contrast ratio.,0
"Rina: Accessibility flag — Priya, can you run the contrast values after this session?",0
Priya: Already noted.,0
Rina: Concept B — Cara?,1
"Cara: B is dashboard-style — fixed layout, prominent KPI row at top, charts below.",0
Very traditional analytics layout.,0
Max: It feels dated.,0
Tableau did this in 2015.,0
Cara: The layout is familiar but the visual language is modern — the colors and type are clearly updated.,0
Designer (Jake Ho): Observation — the chart density is high.,0
On a 13-inch laptop the chart labels overlap.,0
Responsive behavior needs work.,0
Rina: Real-world constraint.,0
Concept C — Priya?,1
Priya: C is a hybrid.,0
"Customizable like A but with a hierarchy tier — primary metrics always at top, secondary below.",0
Rina: This is my personal lean based on the critique.,0
It solves the hierarchy problem from A and the rigidity problem from B.,0
Any strong objections to exploring C as the primary direction?,0
Max: I can live with C if the customization is genuinely flexible.,0
Cara: Agreed.,0
Rina: Let's move C forward.,0
"Priya, revised mocks by next Wednesday.",0
Accessibility Lead (Jamie Osei): This review covers WCAG 2.1 AA compliance for the mobile app.,1
I tested on iOS with VoiceOver and Android with TalkBack.,0
"Twelve issues found — three critical, six moderate, three low.",0
Let me focus on the critical ones.,0
Design Lead (Sara Kim): Please start with the highest risk.,0
Jamie: Critical issue one — the navigation bar icons have no accessible labels.,1
VoiceOver reads 'image' for all five icons.,0
Users who rely on screen readers can't navigate the app.,0
Frontend Dev (Omar Raza): That's a quick fix — add accessibility labels to each icon.,0
I can do it today.,0
Jamie: Critical issue two — the text input for the search field doesn't announce error states.,0
"If you search for something invalid, a red error message appears visually but VoiceOver doesn't announce it.",0
Users with visual impairments won't know an error occurred.,0
Omar: We need to add an aria-live region for the error state.,0
Two-day fix.,0
Sara: Let's prioritize those two for the current sprint.,0
Jamie: Critical issue three — the onboarding carousel.,1
The 'swipe to continue' instruction is only conveyed visually.,0
There's no alternative gesture or button for users who can't swipe reliably.,0
Sara: That requires a design change — we need to add a Next button alongside the swipe gesture.,0
Design (Priya Park): I can add the button to the carousel design.,0
Jamie: Moderate issues include color contrast failures on three screens — specifically the 'disabled' button states.,0
The disabled gray is 2.3:1 contrast ratio — below the 4.5:1 AA requirement.,0
"Sara: WCAG allows lower contrast for disabled states, but let's improve it anyway.",0
What color is passing?,0
Jamie: Anything above 4.5:1 on our background.,0
I'll provide the hex values.,0
Omar: I'll update the disabled button color technical-wide.,0
Sara: Full remediation target — two weeks.,0
"Jamie, document everything in a JIRA epic.",0
Design Lead (Nina Brooks): Sprint 6 retro.,0
We had four design deliverables committed.,0
"Three shipped: the onboarding screens, the notification center redesign, and the settings page.",0
The checkout flow is still in review with product.,1
Designer (Carlos Ruiz): The checkout flow delay isn't a design issue — we're waiting on product decisions about the enterprise routing.,0
Nina: Noted.,0
"Let's attribute that as external dependency, not a miss.",0
"Carlos, what went well?",0
Carlos: The async feedback process we tried — sharing Figma links in Slack for comments before formal review — saved us two hours of meeting time.,0
Designer (Leila Hassan): I liked that too.,0
But comment quality was uneven.,0
Some people left detailed feedback; others just left a thumbs-up emoji.,0
Nina: Let's add a structured comment template — a few prompts to guide the feedback.,0
"Carlos, can you draft one?",0
Carlos: Short one — yes.,0
I'll have it by tomorrow.,0
Nina: What didn't go well?,0
Leila: Handoff to engineering was rough on the notification center.,0
The engineer had questions about hover states and edge cases we didn't spec.,0
Nina: We need a handoff checklist.,0
"Before anything goes to engineering: all states, responsive breakpoints, edge cases, and motion specs documented.",0
Carlos: We've talked about this before.,0
Let's actually make the checklist and block handoff until it's complete.,0
Nina: Agreed.,0
I'll own the checklist template this week.,0
Leila: Also — design review scheduling.,0
We had a last-minute 3pm review request on Thursday.,0
Breaks focused work time.,0
Nina: New rule — design reviews must be scheduled at least 48 hours in advance and only in morning slots.,1
Sprint 7 focus: the analytics dashboard direction and starting the settings page v2.,1
"Carlos, what's your capacity?",0
Carlos: I'm 80% available — one company all-hands day.,0
Leila: Full capacity.,0
Nina: Good.,0
I'll block the Figma workspace for Sprint 7 and set up the kickoff for Monday 9am.,0
CEO (Marcus Webb): We have two days.,0
"Goal is to leave with a three-year vision, three to five strategic pillars, and one big bet.",0
Let's start with where we are.,0
"Riya, the state of the business.",0
"CFO (Riya Patel): 38M revenue, 22% growth, 11% net margin.",0
We're at a scale inflection — we can grow in the current model or make bolder bets.,0
Chief Strategy Officer (Dan Kim): Our current TAM capture is 2.3%.,0
Even modest market share growth is massive.,0
The question is which wedge we go after.,0
"VP Product (Grace Lim): I see three viable paths: go deeper on enterprise, expand into adjacent verticals, or build a platform with third-party developers.",0
Marcus: Let's discuss each.,0
Enterprise depth?,1
Grace: Raises ARPA significantly.,0
Current enterprise ARPA is 48K.,1
Category leaders are at 200K plus.,0
Huge white space.,0
VP Sales (Omar James): We have the product for it but our go-to-market isn't built for 200K deals.,0
"We'd need field sales, pre-sales engineering, professional services.",0
Dan: Investment heavy but defensible.,0
Marcus: Adjacent verticals?,0
Grace: Our core product is workflow automation.,0
"Healthcare, legal, and manufacturing verticals have massive unmet needs.",0
Vertical SaaS is trading at a premium right now.,0
VP Engineering (Ben Cho): Vertical products require deep domain expertise and compliance.,0
That's not free.,0
Marcus: Platform play?,0
"Dan: Highest ceiling, highest risk.",0
"If we build a developer platform with a marketplace, we become infrastructure.",0
But we've seen what that does for Salesforce and Shopify.,0
"Marcus: I'm drawn to a combination — enterprise depth as the near-term bet, platform as the three-year horizon.",1
Verticals are opportunistic.,0
Riya: That's a coherent narrative.,0
Let me model the financial implications of each path before we lock in.,0
Marcus: We'll finalize tomorrow morning after Riya's scenarios.,0
Let's break.,0
Chief Strategy Officer (Alana Burke): Competitor update session.,0
Three significant competitive moves in the last 90 days.,0
First — Apex launched a free tier.,1
That's a direct attack on our SMB segment.,0
VP Sales (Derek Osei): We've already seen it.,0
"Three prospects in the last month went with Apex free tier to 'try it out.'
Alana: Second — Nexus raised a $80M Series C, specifically earmarked for enterprise product investment.",1
They're coming for our enterprise segment.,0
CEO (Pia Walsh): That's the more concerning one.,0
Nexus has been behind us on enterprise features for 18 months.,0
80 million accelerates them significantly.,0
"VP Product (Sam Ho): Their enterprise feature gap is primarily in permissions, audit logging, and SSO.",0
We have all three.,0
"If they ship those in the next 12 months, the gap closes.",0
Alana: Third — Oracle acquired WorkFlow Pro.,0
"That's a distribution story — Oracle's 430,000 customer base now has access to a workflow competitor.",0
Pia: Oracle's SMB penetration is low.,0
Our core SMB users aren't Oracle customers.,0
"Alana: Correct — Oracle is a medium-term enterprise threat, not immediate.",0
VP Marketing (Fiona Blake): So what's our response strategy?,0
Alana: Three recommendations.,0
One — double down on enterprise stickiness.,0
Get customers deeply embedded in integrations and workflows that are painful to migrate.,0
Sam: Our integration library is the stickiest asset we have.,0
We should accelerate the integration roadmap.,0
Alana: Two — respond to the free tier threat with a freemium model for SMB specifically.,0
Not full featured — a genuine free offering that converts.,0
Derek: That changes our acquisition economics significantly.,0
Worth modeling.,0
Alana: Three — begin recruiting enterprise pre-sales engineers.,1
Nexus will have the budget to hire now.,0
We need to get ahead of the talent competition.,0
Pia: Good analysis.,0
Let's meet in 30 days to review progress on each.,0
CFO (Lena Park): We have three acquisition targets on the shortlist.,0
I'll walk through each.,0
Target A — DataSpark.,0
"Analytics company, 4.2M ARR, 40 employees.",0
Asking price is 22M — 5.2x ARR.,0
CEO (Tom Grant): What's the strategic fit?,0
Lena: DataSpark adds a BI layer we don't have.,0
Our customers have been asking for embedded analytics.,0
Saves us 18 to 24 months of product development.,0
VP Product (Cara Lim): The data model compatibility is the question — our data structure and theirs would need significant integration work.,0
Head of M&A (Raj Patel): I've reviewed their architecture.,0
Integration is doable but 6 to 9 months of engineering time.,0
Tom: What's the revenue retention post-acquisition typically in this space?,0
Raj: 80-85% in the first year for companies this size.,0
"Lena: At 85% retention, 4.2M becomes 3.6M.",0
"At a 22M purchase price, effective multiple is 6.1x.",0
Still reasonable for the strategic value.,0
Tom: Target B?,0
Lena: WorkBridge — workflow automation company.,0
"2.1M ARR, 28 employees.",1
Asking price 11M.,0
Much simpler integration story.,0
Cara: Their product is actually overlapping with ours in workflow automation.,0
This is more of an acqui-hire for the team.,1
"Raj: Team of 8 engineers, strong ML background.",0
That's valuable if we're building AI features.,0
Tom: Are they profitable?,0
"Lena: No, burning 80K per month.",0
At 11M we're paying for the team and some ARR.,0
Tom: Target C?,0
"Lena: APIConnect — 1.8M ARR, middleware integration tool.",1
"14 employees, 15M asking price — high multiple.",0
Raj: High multiple is hard to justify unless the technology has a moat.,0
Cara: APIConnect's technology isn't proprietary — we could build this.,0
Tom: Let's focus due diligence on DataSpark.,0
It has the strongest strategic case.,0
I want a full data room review in 30 days.,0
"Raj: I'll scope the due diligence workstreams: financial, technical, legal, commercial.",0
Lena: Agreed.,0
DataSpark's CEO has been cooperative.,0
I'll schedule the kickoff call.,0
Chief Innovation Officer (Dana Wells): Quarterly innovation pipeline review.,0
We have 12 initiatives in various stages.,0
I'll focus on the five that need executive decisions.,0
Initiative one — AI-powered meeting notes.,0
CEO (Frank Tan): We've been talking about this for six months.,0
Dana: We're ready to move from exploration to prototype.,0
We have two engineers willing to spend one sprint building an MVP.,0
Three-week investment.,0
"VP Product (Nia Clark): There's a strong market signal — Otter, Fireflies, Grain are all growing fast.",0
We have an existing integration advantage with our calendar data.,0
CFO (Raj Mehta): Cost of prototype?,0
Dana: 40K in engineer time.,0
Frank: Approved.,0
Dana: Initiative two — marketplace for third-party integrations.,0
Nia: This is a 12-month initiative minimum.,0
We're not ready — our API isn't stable enough for third-party developers.,0
Dana: Agreed.,0
Recommending we park this until Q2 next year when the API v2 is live.,0
Frank: Agreed.,0
Dana: No-code builder for automations — this one tests well with customers.,0
Survey NPS of 68 on the concept.,0
VP Engineering (Kim Park): Engineering complexity is significant — six months minimum.,0
Dana: But the market is ready.,0
Zapier launched no-code in 2020 — it's now 40% of their ARR.,0
Frank: Let's do a three-month discovery phase with one PM and one designer before committing engineering resources.,0
Nia: I can assign a PM next quarter.,0
Dana: Initiative four — mobile-first product refresh.,0
34% of users access the product on mobile with a degraded experience.,0
Frank: We already committed to mobile offline mode this year.,0
Mobile-first is a different scope.,0
Dana: Correct — this is a two-year horizon item.,1
Just flagging it.,0
Frank: Noted.,0
Final item — vertical-specific templates for healthcare.,0
"Dana: Low cost, high signal value.",0
50K to build 30 healthcare-specific templates.,1
Three enterprise customers have committed to pilot.,1
Frank: Do it.,0
Anything under 100K with three committed customers is a yes.,0
VP Business Development (Alicia Tan): The purpose of this session is to establish a framework for evaluating and structuring strategic partnerships going forward.,1
We've been doing one-off deals and they're inconsistent.,0
CEO (Ben Park): What's prompting this?,0
Alicia: Three partnerships in the last year.,0
One is delivering great mutual value — the HubSpot integration brings us 40K in revenue annually.,0
One is neutral.,0
One is costing us engineering support time with zero revenue contribution.,0
CFO (Yuki Sato): The neutral and negative partnerships are burning real resources.,0
"Alicia: My proposal — a scoring framework: strategic fit (does it expand our TAM or distribution?), financial return (minimum 3x engineering investment within 18 months), and reputational quality (does it associate us with brands our customers trust?).",1
VP Engineering (Omar Bell): The engineering cost visibility is key.,0
We often don't know the true cost of a partnership until six months in.,0
Alicia: So we add a cost estimate requirement upfront — any partnership requires a 3-month and 12-month engineering cost estimate before we sign.,0
Ben: And a review mechanism — partnerships should have a 12-month renewal gate with a Go/No-Go decision.,0
Alicia: Exactly.,0
No evergreen partnerships.,0
Everything on annual review.,0
CFO Yuki: What's the escalation path?,0
Who approves?,0
Alicia: Partnerships under 50K in total value — I can approve.,0
50K to 200K — CEO approval.,0
Above 200K — board.,0
Ben: That makes sense.,0
And who owns the ongoing relationship management?,0
Alicia: BD owns.,0
With quarterly reviews including the product and engineering partner.,0
"Alicia, can you write this up as a policy doc?",0
Alicia: I'll have it by end of next week.,0
VP Product (Sam Davis): Can we apply the framework retroactively to the three existing partnerships?,1
Alicia: Yes.,0
I'll score them and bring the results to the next executive meeting.,0
VP Operations (Tom Reyes): We're here to review supply chain risks heading into Q4 — our highest demand quarter.,0
I'll walk through the top three risk areas.,0
"Supply Chain Manager (Lisa Chen): Vendor one — SiliconPath, our primary PCB supplier.",0
Lead time has stretched from 6 weeks to 11 weeks over the last quarter.,0
We've got one order in flight that's critical for our October batch.,0
Tom: What's the risk to the October batch?,0
"Lisa: If SiliconPath delays by more than 2 weeks, we miss October delivery for 800 units.",0
Procurement (Jay Kim): We have a secondary supplier — NexaBoard — but their quality certification is pending.,0
It expires in March.,0
Tom: Can NexaBoard expedite?,0
Jay: At a 15% premium.,0
800 units would add 48K in cost.,0
Tom: Acceptable if SiliconPath slips by more than a week.,0
Pre-authorize the NexaBoard order as a backup.,1
Lisa: Risk area two — logistics.,0
The port congestion at our primary port has improved but the secondary port — where 30% of our components route through — is still showing 5-day average delays.,1
Tom: What's the inventory buffer?,0
Lisa: We carry 3 weeks of buffer on tier-one components.,0
Secondary port delays are within that buffer — we're okay unless it exceeds 3 weeks.,0
Tom: Monitor daily through October.,0
Operations Analyst (Dana Park): Risk three — commodity pricing.,0
Our aluminum costs are up 18% year over year.,0
Our current contracts lock pricing through December.,0
Post-December exposure is significant.,1
Tom: When do we need to decide on locking 2025 pricing?,0
Dana: Ideally by November 1st to get ahead of Q1 price increases.,0
CFO (Mike Walsh): What's the hedge cost?,0
Dana: 2% premium for a 12-month forward contract.,0
"On our annual aluminum spend of 2.3M, that's 46K.",0
Tom: Worth it for price certainty.,0
"Mike, can you authorize that?",0
"Dana, initiate the forward contract before November 1st.",0
Head of Support (Ava Johnson): Monthly support operations review.,0
"Last month we handled 4,312 tickets.",0
First response time average was 4.2 hours — our SLA is 4 hours.,1
We're just barely over.,0
CSO (Dan Park): That's been trending the wrong way for three months.,0
Ava: Correct.,0
In July we were at 3.1 hours.,0
The growth in ticket volume is outpacing team capacity.,0
Support Manager (Kim Walsh): Volume is up 31% year over year but headcount is up only 12%.,0
Ava: We have two open support positions — both unfilled for six weeks.,0
"If we fill them, my model says first response drops back to 3.2 hours.",0
Dan: What's blocking the hiring?,0
HR Lead (Sam Osei): Compensation.,0
The candidates we want are getting offers 15% higher than our bands.,0
We've had three offers declined.,0
Dan: Can we adjust the bands for support specifically?,0
HR Lead: I can bring a proposal to the CHRO by end of week.,0
Ava: Second issue — our CSAT score is 87%.,0
Target is 90%.,0
Exit survey data says the most common reason for low CSAT is ticket reopening — customers whose issue comes back.,0
Support Manager Kim: Reopen rate is 14%.,1
Industry benchmark is 8%.,0
Ava: Root cause — we're closing tickets before confirming resolution.,0
We need a verification step.,1
"Kim: Add a 24-hour follow-up message before closing: 'Is your issue resolved?' If no response, close.",0
"If negative, escalate.",0
Ava: I love it.,0
Can you configure that in Zendesk?,0
"Kim: Yes, one day of workflow setup.",0
Dan: Let's do it.,0
"Ava, what's the CSAT impact projection?",0
Ava: Reducing reopen rate from 14% to 8% historically correlates with 3 to 4 CSAT points.,0
Should get us to 90%.,0
CISO (Rachel Moore): Quarterly security posture review.,1
"Three areas: vulnerability management, access control, and incident readiness.",0
VP Engineering (Ben Osei): Start with vulnerabilities — I want to understand our exposure.,0
Rachel: We ran a full vulnerability scan last week.,0
127 open vulnerabilities identified.,0
"Eight are critical, 34 high, 85 medium and low.",0
Ben: Critical eight — what are they?,0
IT Security Lead (Raj Patel): Two are unpatched CVEs in our web server stack — Apache versions from 2022 that have known exploits.,0
Six are in third-party libraries we use in the product.,0
Ben: Unpatched Apache servers — how is that still open?,1
Raj: They're in the staging environment.,0
They've been deprioritized.,0
Rachel: Staging environment vulnerabilities can be pivoted to production in a sophisticated attack.,0
They're not acceptable.,0
Ben: Agreed.,0
Patch this week.,0
Raj: Will do.,0
Rachel: Access control — we conducted an access audit.,0
47 employees have access to production technicals they no longer need based on their current role.,0
Classic access creep.,0
CTO (Yuki Sato): That's a real risk.,0
Ex-employees?,0
"Rachel: No, all current employees.",0
But they've changed roles or their projects have ended.,0
Rachel: I'm implementing a quarterly access review process.,1
We'll use an automated report from our IAM technical.,0
Yuki: Good.,0
And incident readiness?,0
Rachel: We ran a tabletop exercise last month.,0
"The good news — response procedures are solid, team knows their roles.",0
The gap — our incident communication plan for customers is underdeveloped.,0
"In the August database outage, we sent our first customer notification 90 minutes after detection.",0
Ben: That's too long.,0
What's the target?,0
Rachel: Industry standard is 30 minutes for a customer-impacting incident.,0
I'm drafting a template and playbook.,0
CTO: Have it ready by next month's review.,0
VP Operations (Sara Kim): Quarterly vendor review.,0
We're looking at seven vendors due for renewal in the next 90 days.,0
I'll focus on the three with performance issues.,0
"Procurement (Alex Jones): Vendor one — CloudServe, our secondary data storage provider.",0
SLA uptime commitment is 99.5%.,0
Actual uptime last quarter was 98.7%.,0
That's a breach.,0
Sara: What are the contractual remedies?,0
Alex: We're entitled to a credit of 10% of monthly fees per 0.1% below SLA.,0
They owe us 12K in credits they haven't issued.,0
Sara: That gets resolved before we renew.,0
"Alex, open a formal claim this week.",0
Alex: Done.,0
Finance (Mark Osei): Do we want to renew with them at all?,0
Sara: Their pricing is 30% below market.,0
"If they fix performance, they're worth keeping.",0
"If they breach again in Q4, we transition.",0
VP Engineering (Kim Park): Vendor two — DevTools Inc.,0
Their developer license tool broke our CI pipeline in August — cost us 8 hours of engineering time.,0
Sara: What happened?,0
Kim: An update they pushed without notice changed an API endpoint.,0
No communication.,0
Alex: Their contract requires 14-day change notification.,0
They violated it.,0
Sara: Add that to the renewal negotiation — we want a 30-day notification requirement going forward.,0
Kim: And an automated test suite they must pass before pushing updates.,0
Sara: Vendor three — print and fulfillment vendor for physical welcome kits.,1
"Quality complaints from four enterprise customers this quarter — wrong items, poor packaging.",0
Operations Manager (Tara Bell): We audited their warehouse last month.,0
Understaffed and reorganizing.,0
Not confident in Q4 capacity.,1
Sara: Find a backup vendor this week.,1
We can't risk Q4 onboarding experience.,0
Tara: I have two candidates I've vetted.,0
I'll make recommendations by Thursday.,0
Operations Lead (Mark Davis): We're running a process improvement workshop on order fulfillment.,0
Average order cycle time last month was 7.2 days.,1
Our target is 5 days.,0
Let's map the current state.,0
Fulfillment Manager (Priya Rao): I'll walk through the steps.,0
Order placed — automated confirmation within 15 minutes.,0
Then it goes to manual order review — average 18 hours.,0
Mark: Why is order review manual?,0
Priya: Fraud checks and address verification.,0
We have a team of three doing this.,0
Analyst (Kim Bell): 94% of orders pass review without any issue.,0
We're manually reviewing everything to catch 6%.,0
Mark: That's inefficient.,0
Can we automate the low-risk ones?,0
IT Lead (Omar Nkosi): We can add a risk scoring model.,0
Orders under a certain risk score auto-approve.,0
High-risk ones go to manual review.,0
Priya: That would cut manual review by 70 to 80%.,1
Mark: Next step.,0
"Priya: After review, warehouse picking and packing — currently 24 to 36 hours.",0
Fulfillment Analyst (Dana Lee): We surveyed the warehouse team.,0
The biggest delay is picking list generation.,0
It's printed in batches every 4 hours.,0
Items sit waiting for the next batch.,0
Mark: Why not continuous picking?,0
Dana: The technical generates lists on a schedule.,0
We can change it.,0
Omar: I can switch the warehouse management technical to real-time picking list generation.,1
Two-hour change.,0
Mark: Do it today.,0
"Priya: After packing, shipping label generation and hand-off to carrier — 4 hours average.",0
Kim: The carrier pickup is at 3pm daily.,0
Anything packed after 1pm misses the cutoff and ships next day.,0
Mark: Can we add a second pickup?,0
Priya: UPS offers 6pm late pickup for 40 cents per package.,0
"On our monthly volume that's 2,400 per month.",0
"Mark: Spend 2,400 to save average 1.2 days of delivery time — easy decision.",0
Authorize it.,0
"Mark: With these changes, modeled cycle time drops to 4.8 days — below target.",0
